CustomerID,Recency,Frequency,Monetary
12346.0,326,1,5728180874.0
12347.0,2,7,116628.0
12348.0,75,4,139471.2
12349.0,19,1,14035.11
12350.0,310,1,3694.4
12352.0,36,8,10530.5
12353.0,204,1,398.0
12354.0,232,1,12516.779999999999
12355.0,214,1,18162.8
12356.0,23,3,81295.45
12357.0,33,1,166762.53
12358.0,2,2,16942.600000000002
12359.0,58,4,34494.15
12360.0,52,3,21833.42
12361.0,287,1,1802.3999999999999
12362.0,3,10,42629.79
12363.0,110,2,10499.039999999999
12364.0,8,4,30817.98
12365.0,291,2,2918.12
12367.0,4,1,2445.6
12370.0,51,4,95320.87999999999
12371.0,45,2,20019.22
12372.0,72,3,22028.16
12373.0,311,1,5374.8
12374.0,25,1,7099.15
12375.0,11,2,5578.200000000001
12377.0,315,2,19396.72
12378.0,130,1,60787.64
12379.0,82,2,9365.24
12380.0,22,4,41793.85
12381.0,5,5,15761.01
12383.0,185,5,31921.18
12384.0,29,2,2393.9500000000003
12386.0,338,2,18110.199999999997
12388.0,16,6,47157.22
12390.0,80,1,5580.26
12391.0,22,1,3131.36
12393.0,72,4,27549.7
12394.0,64,2,130181.44
12395.0,19,12,63035.729999999996
12397.0,36,2,21569.86
12398.0,46,1,23868.739999999998
12399.0,119,4,28619.05
12401.0,303,1,190.5
12402.0,323,1,1976.4
12403.0,50,1,12641.4
12405.0,149,1,22009.77
12406.0,22,2,70540.8
12407.0,50,5,50677.92
12408.0,33,5,54771.71
12409.0,79,3,586648.47
12410.0,309,2,5187.2699999999995
12412.0,75,3,17084.739999999998
12413.0,67,3,5300.1
12414.0,217,3,9659.01
12415.0,24,21,20348819.89
12417.0,3,9,27748.3
12418.0,113,1,6698.9400000000005
12420.0,64,1,6323.35
12421.0,16,4,7765.9
12422.0,96,3,7020.82
12423.0,1,8,18840.61
12424.0,163,2,79477.40000000001
12425.0,78,1,15191.48
12426.0,195,1,4706.81
12427.0,22,3,23741.34
12428.0,26,9,85227.3
12429.0,9,4,73378.0
12430.0,43,1,2096.96
12431.0,36,15,423742.29000000004
12432.0,43,5,100182.0
12433.0,1,7,485787.97000000003
12434.0,85,2,6190.62
12435.0,80,2,460258.81000000006
12436.0,100,1,5042.57
12437.0,2,18,82076.97
12438.0,14,2,36558.89
12441.0,367,1,1586.5500000000002
12442.0,3,1,2377.7799999999997
12444.0,21,5,32013.96
12445.0,22,1,1760.8
12446.0,58,1,5843.53
12447.0,243,1,3452.6699999999996
12448.0,44,1,3983.0299999999997
12449.0,22,4,32805.19
12450.0,156,2,4457.76
12451.0,11,5,216922.56
12452.0,17,2,3306.91
12453.0,134,1,7439.99
12454.0,56,1,271001.72
12455.0,73,6,116887.38
12456.0,44,3,41420.62
12457.0,66,7,63413.97
12458.0,71,2,13566.9
12461.0,94,2,5516.62
12462.0,19,2,9541.13
12463.0,53,4,11918.98
12464.0,10,8,5339.45
12465.0,17,2,8030.03
12468.0,188,2,7532.18
12471.0,2,30,554241.37
12472.0,32,7,87087.01
12473.0,29,5,42774.65
12474.0,17,18,82251.51
12475.0,54,1,9802.06
12476.0,16,11,76264.84
12477.0,23,6,298539.16
12478.0,4,1,3701.65
12479.0,11,1,5781.98
12480.0,28,4,90536.81
12481.0,23,10,94933.12
12483.0,17,8,38775.94
12484.0,33,6,35626.36
12488.0,10,3,13779.98
12489.0,336,1,2085.77
12490.0,5,10,89236.79
12491.0,39,1,6203.6
12492.0,63,2,2316.77
12493.0,166,2,4314.3
12494.0,16,7,10254.22
12497.0,82,1,93427.5
12498.0,21,3,2787.5
12500.0,23,11,419631.04000000004
12501.0,337,1,22423.39
12502.0,96,5,23805.21
12504.0,18,2,5659.45
12506.0,233,1,73.5
12507.0,134,3,91117.32999999999
12508.0,26,2,1742.84
12509.0,284,1,1399.0
12510.0,143,2,15311.109999999999
12512.0,66,2,729.42
12513.0,113,1,7610.2699999999995
12514.0,267,1,8110.16
12515.0,353,1,2467.2
12516.0,78,2,57197.479999999996
12517.0,28,5,15304.42
12518.0,1,5,20632.61
12519.0,64,1,3016.64
12520.0,79,5,22848.42
12521.0,143,1,5058.72
12522.0,39,2,2063.94
12523.0,19,11,13937.45
12524.0,9,8,197674.40000000002
12526.0,1,3,10797.08
12527.0,82,3,5218.1900000000005
12528.0,9,6,14823.54
12530.0,60,4,24010.44
12531.0,15,1,333.34
12532.0,30,1,3205.59
12534.0,131,1,10747.88
12535.0,92,2,4741.35
12536.0,43,3,54797.05
12538.0,29,1,2908.67
12539.0,22,4,46210.77
12540.0,20,17,189071.44
12541.0,30,3,12147.78
12544.0,36,1,2444.84
12545.0,75,2,10522.49
12546.0,47,2,9443.880000000001
12547.0,198,2,3332.0
12548.0,166,1,834.4
12550.0,79,1,8260.91
12551.0,358,1,1680.0
12552.0,39,2,1759.96
12553.0,8,10,41001.619999999995
12556.0,50,2,2330.34
12557.0,16,5,3131800.96
12558.0,8,1,6421.28
12559.0,311,2,10411.39
12560.0,5,3,23288.77
12561.0,303,1,2315.35
12562.0,8,7,56585.82
12564.0,261,1,2816.7
12565.0,289,1,1322.6399999999999
12566.0,86,1,4392.33
12567.0,23,10,84804.44
12569.0,2,32,39605.35
12571.0,40,2,8431.03
12572.0,9,2,7214.0599999999995
12573.0,227,1,1034.0600000000002
12574.0,316,1,1157.3500000000001
12576.0,36,5,14401.71
12577.0,35,3,3910.64
12578.0,21,2,28882.65
12579.0,78,1,3864.86
12580.0,247,1,3940.6
12581.0,40,1,2062.57
12582.0,239,2,5620.08
12583.0,3,15,181443.72
12584.0,4,9,12814.650000000001
12585.0,234,2,49217.48
12586.0,17,1,1293.74
12587.0,8,1,1912.0
12588.0,39,1,927.0999999999999
12589.0,29,2,5841.62
12590.0,211,2,773807.84
12591.0,317,1,3779.0499999999997
12592.0,92,2,7579.2
12593.0,109,3,4101.2
12594.0,38,10,58454.38
12596.0,51,2,12508.529999999999
12597.0,19,4,40254.799999999996
12598.0,10,8,48772.02
12599.0,29,7,18312.12
12600.0,29,10,42721.020000000004
12601.0,190,5,6757.14
12602.0,59,1,1771.52
12603.0,22,1,35221.2
12604.0,79,2,3255.6400000000003
12607.0,60,1,19461.87
12609.0,78,3,11220.97
12610.0,23,5,20431.239999999998
12611.0,52,1,38883.54
12612.0,74,1,8990.04
12613.0,57,5,38728.8
12614.0,278,1,1246.0
12615.0,2,4,43013.63
12616.0,95,2,5676.599999999999
12617.0,29,1,2725.8
12618.0,22,1,1147.57
12619.0,16,9,230593.09999999998
12620.0,15,3,17966.829999999998
12621.0,2,20,454483.29
12622.0,232,1,1074.7
12623.0,276,1,3239.7
12624.0,106,2,5893.11
12625.0,212,2,52418.020000000004
12626.0,23,9,85909.4
12627.0,11,7,52304.01
12628.0,4,3,9961.22
12630.0,10,2,9279.82
12631.0,57,1,4271.8
12633.0,59,4,65836.94
12635.0,90,2,17785.4
12637.0,67,8,57096.08
12638.0,33,1,7817.87
12639.0,239,1,4083.7
12640.0,24,3,7132.540000000001
12641.0,115,1,1183.6
12642.0,25,3,16519.46
12643.0,128,6,679151.64
12644.0,130,1,5100.7699999999995
12645.0,34,4,29707.56
12646.0,5,2,34202.11
12647.0,22,12,81615.72
12648.0,155,1,2462.49
12649.0,107,3,10516.51
12650.0,3,1,4115.92
12651.0,335,1,891.9000000000001
12652.0,331,1,9114.619999999999
12653.0,149,2,60387.39
12654.0,11,5,4361.98
12656.0,17,5,101958.96999999999
12657.0,11,4,70788.18000000001
12658.0,19,1,6413.21
12659.0,30,1,2534.1600000000003
12660.0,11,1,2573.1
12662.0,1,11,33291.58
12664.0,8,9,255519.36000000002
12665.0,325,1,918.0
12667.0,58,1,5392.41
12668.0,12,4,46047.61
12669.0,151,3,17010.23
12670.0,10,5,53589.79
12672.0,330,1,1880.1000000000001
12673.0,5,2,5915.639999999999
12674.0,39,4,29421.28
12676.0,25,6,20684.31
12678.0,42,12,3031514.22
12679.0,59,4,22828.200000000004
12680.0,1,4,6966.87
12681.0,15,22,219047.62
12682.0,4,31,269466.44
12683.0,4,15,165125.13
12684.0,8,7,56567.79
12685.0,28,6,26498.98
12686.0,372,1,1217.56
12688.0,114,1,116031.31
12689.0,26,2,10797.25
12690.0,206,1,2543.47
12691.0,28,6,27250.0
12693.0,127,4,5717.41
12694.0,70,2,10112.95
12695.0,7,4,4335.18
12697.0,29,3,11981.91
12700.0,8,4,59518.75
12701.0,80,2,8828.23
12702.0,20,1,1026.3000000000002
12703.0,71,1,2237.55
12704.0,7,8,35122.32
12705.0,15,9,83219.25
12707.0,292,1,4177.64
12708.0,30,10,22089.45
12709.0,15,15,215470.88
12710.0,97,3,11458.56
12712.0,29,13,40937.11
12713.0,1,1,10398.63
12714.0,9,5,59884.2
12715.0,106,1,2775.84
12716.0,4,2,9572.51
12717.0,151,2,8108.58
12718.0,71,1,2020.59
12719.0,5,2,5486.75
12720.0,3,25,81284.55
12721.0,32,6,29321.149999999998
12722.0,85,4,11247.21
12723.0,4,5,6673.650000000001
12724.0,5,4,8894.35
12725.0,371,1,2695.3
12726.0,28,7,81175.2
12727.0,11,7,61288.38
12728.0,71,4,8480.89
12729.0,114,1,3873.19
12731.0,24,12,892671.65
12732.0,180,1,2688.6800000000003
12733.0,234,1,3082.1499999999996
12734.0,353,1,2582.3999999999996
12735.0,315,2,5518.43
12736.0,333,1,8744.4
12738.0,372,1,2020.35
12739.0,78,2,10955.16
12740.0,64,1,5715.599999999999
12743.0,134,2,2089.05
12744.0,52,7,294041.65
12747.0,2,11,84789.45
12748.0,1,209,981783.81
12749.0,4,5,31739.44
12750.0,129,1,2209.86
12752.0,81,1,217031.8
12753.0,23,6,1331608.67
12754.0,236,3,1336565.94
12755.0,281,2,5646084.749999999
12756.0,87,1,5627.5199999999995
12757.0,16,13,59772.89
12758.0,117,2,69043.43000000001
12759.0,52,3,14305.02
12762.0,8,2,57772.77999999999
12763.0,138,2,14796.56
12764.0,317,1,15022.26
12766.0,4,7,86900.19
12769.0,239,1,17262.84
12770.0,211,1,71927.35
12772.0,60,1,8236.99
12775.0,17,5,21750.1
12778.0,20,6,15678.25
12779.0,38,8,66542.72
12781.0,64,2,21068.6
12782.0,5,5,24255.24
12783.0,2,6,11828.05
12784.0,9,2,4470.5599999999995
12785.0,364,1,2907.75
12787.0,10,3,7338.64
12789.0,65,1,91.85
12790.0,192,1,1984.96
12791.0,374,1,17064.600000000002
12792.0,257,1,3155.3799999999997
12793.0,335,2,8053.46
12794.0,53,2,12163.33
12795.0,19,1,2029.18
12797.0,366,1,1980.27
12798.0,10,3,9750038.4
12802.0,187,1,4906.28
12808.0,37,3,3261.05
12809.0,178,1,3783.4700000000003
12811.0,261,3,4070.9500000000003
12812.0,45,1,2335.52
12814.0,102,1,4164.16
12815.0,148,2,7167.5199999999995
12816.0,96,2,2170.9
12817.0,281,1,2135.84
12818.0,262,1,145988.24
12820.0,3,4,10954.1
12821.0,214,1,1050.1599999999999
12822.0,71,2,14188.2
12823.0,75,5,91035.0
12824.0,60,1,3400.48
12826.0,3,7,16966.7
12827.0,6,3,3225.55
12828.0,3,6,10216.67
12829.0,337,2,7692.9
12830.0,38,6,2261826.56
12831.0,262,1,3896.95
12832.0,32,2,2691.33
12833.0,145,1,2798.66
12834.0,283,1,2095.56
12836.0,59,4,18373.100000000002
12837.0,173,1,285.2
12838.0,34,2,2682.53
12839.0,3,14,75751.04
12840.0,144,4,41263.81
12841.0,5,25,47113.58
12842.0,70,2,25559.87
12843.0,66,8,16798.74
12844.0,29,2,1092.66
12845.0,267,4,32711.489999999998
12847.0,22,1,18489.3
12849.0,31,2,19159.01
12851.0,97,1,324.57
12852.0,295,1,2890.0499999999997
12853.0,135,6,31356.6
12854.0,79,3,18625.65
12855.0,373,1,351.0
12856.0,8,6,13045.36
12857.0,211,2,8013.4
12863.0,52,1,22528.0
12864.0,138,1,18377.280000000002
12865.0,26,2,14717.13
12866.0,283,1,3301.7599999999998
12867.0,26,7,47870.82
12868.0,186,6,13340.02
12871.0,84,2,14686.079999999998
12872.0,327,2,4978.75
12873.0,282,1,12784.0
12875.0,143,2,522013.0500000001
12876.0,58,2,64208.82
12877.0,4,12,16760.91
12878.0,236,2,11468.63
12879.0,45,3,27666.039999999997
12881.0,276,1,552.6
12882.0,9,2,33277.44
12883.0,25,4,3175.65
12884.0,88,1,1252.75
12885.0,63,3,11211.199999999999
12886.0,68,2,12986.86
12888.0,214,2,5630.88
12890.0,24,1,2800.08
12891.0,186,3,147850.0
12893.0,31,1,1154.4499999999998
12895.0,42,2,3436.5
12897.0,205,2,6517.400000000001
12901.0,9,28,16489778.18
12902.0,265,1,775.0600000000001
12904.0,18,2,3576.2200000000003
12906.0,12,5,142035.75
12908.0,176,2,450000.0
12909.0,40,5,30513.23
12910.0,23,8,77431.44
12912.0,3,5,53095.56
12913.0,5,5,99908.47
12915.0,149,2,1661.25
12916.0,139,4,49737.33
12917.0,128,1,35640.0
12919.0,8,6,25063.63
12920.0,17,1,1255.22
12921.0,9,37,275321.35
12922.0,161,1,5297.78
12923.0,64,1,595.24
12924.0,88,4,38882.14000000001
12925.0,5,2,8675.85
12928.0,35,5,49051.64
12929.0,312,1,460.34999999999997
12930.0,78,2,4141.74
12931.0,22,15,29147844.08
12933.0,24,3,7484.19
12935.0,2,7,31211.559999999998
12936.0,17,4,18575.28
12937.0,15,4,19890.67
12938.0,26,1,1718.4399999999998
12939.0,64,8,1525715.04
12940.0,55,2,3851.27
12942.0,131,3,2452.7200000000003
12944.0,36,2,6054.51
12945.0,288,1,4586.15
12947.0,144,6,17539.989999999998
12948.0,16,7,19325.37
12949.0,31,8,48617.18
12950.0,2,3,167319.2
12951.0,9,6,8426.17
12952.0,6,4,12677.43
12953.0,10,1,1724.15
12955.0,1,11,120282.0
12956.0,306,1,238.41
12957.0,10,8,43024.22
12962.0,7,2,2132.23
12963.0,8,8,17814.31
12965.0,89,1,2690.09
12966.0,10,1,1248.5800000000002
12967.0,358,2,42878.6
12968.0,112,1,2673.95
12970.0,7,4,1584.95
12971.0,4,86,662281.35
12974.0,198,1,477.5
12976.0,212,1,47974.5
12977.0,156,1,42.36
12980.0,158,9,302434.92000000004
12981.0,30,2,4474.12
12982.0,243,1,4079.62
12984.0,19,1,665.4
12985.0,1,2,29228.12
12987.0,74,2,4482.2
12988.0,292,1,1022.36
12989.0,3,15,1114790.67
12990.0,31,3,7345.0
12991.0,23,2,6806.18
12993.0,23,4,3550.94
12994.0,4,3,6733.6
12995.0,85,1,7607.52
12997.0,22,4,16428.21
12999.0,196,3,6014.76
13000.0,107,3,9965.29
13001.0,4,13,481188.37000000005
13002.0,318,1,1406.75
13003.0,106,3,4024.75
13004.0,12,18,65085.13
13005.0,174,2,3799.2
13006.0,56,1,518.43
13008.0,323,1,2901.33
13011.0,372,1,219.75000000000003
13012.0,9,8,16232.720000000001
13013.0,1,13,53220.9
13014.0,11,10,33824.36
13015.0,53,5,28584.399999999998
13016.0,73,3,8803.13
13017.0,7,1,9792.0
13018.0,16,28,89300.4
13021.0,4,9,31776.84
13023.0,64,2,4451.12
13026.0,1,5,70251.84
13027.0,114,6,5483520.0
13028.0,23,2,13534.32
13029.0,31,3,24367.0
13030.0,11,2,3495.32
13032.0,52,2,6105.5199999999995
13033.0,357,1,1502.75
13034.0,55,2,6440.43
13035.0,74,2,28384.96
13037.0,138,3,8344.81
13038.0,80,3,15212.12
13040.0,9,2,5395.21
13043.0,273,1,16963.96
13044.0,291,1,6211.99
13045.0,99,1,4121.42
13046.0,31,2,4358.43
13047.0,32,10,25695.48
13048.0,14,4,18504.33
13049.0,64,2,24827.120000000003
13050.0,15,17,63194.76
13052.0,212,1,5569.6900000000005
13055.0,78,3,14252.73
13058.0,25,3,3762.5
13059.0,250,1,1100.7
13060.0,254,1,3320.91
13061.0,72,1,2587.47
13062.0,191,1,19544.64
13064.0,13,4,9435.09
13065.0,373,1,1133.6399999999999
13066.0,24,2,3404.8
13067.0,82,1,308.24
13068.0,10,2,34400.0
13069.0,1,24,447662.78
13070.0,192,1,3120.0
13072.0,267,1,1947.15
13075.0,130,1,25108.07
13077.0,1,4,10579.34
13078.0,3,26,506792.32
13079.0,4,5,2765.0
13080.0,179,1,1091.52
13081.0,12,11,772560.58
13082.0,126,9,1480992.57
13083.0,4,2,2697.19
13085.0,158,2,6809.4800000000005
13089.0,3,97,1840514.32
13090.0,9,14,268894.3
13091.0,28,1,7454.839999999999
13092.0,71,5,3217.21
13093.0,276,8,289532.39
13094.0,21,12,151602.48000000004
13095.0,71,1,1730.8799999999999
13097.0,33,10,44856.72
13098.0,1,28,1448741.28
13099.0,99,1,59719.67999999999
13101.0,234,1,2349.09
13102.0,1,24,129100.65
13103.0,40,1,2173.24
13104.0,3,6,41120.64
13106.0,133,1,1377.0
13107.0,44,4,41016.34
13108.0,373,1,10920.68
13109.0,60,2,8213.42
13110.0,31,7,6529.590000000001
13113.0,1,24,636809.9
13115.0,12,4,30558.9
13116.0,138,1,4100.9
13117.0,22,8,11101.59
13118.0,20,5,9381.87
13120.0,239,1,367.2
13121.0,269,1,2101.83
13122.0,94,2,9748.23
13124.0,90,3,52117.81
13126.0,5,8,30977.48
13127.0,78,1,2370.55
13130.0,94,1,968.0
13131.0,23,3,12150.3
13132.0,262,1,665.8
13133.0,274,2,502.0
13134.0,86,4,19042.1
13135.0,197,1,13312800.0
13136.0,56,5,26084.13
13137.0,11,8,17859.55
13138.0,22,6,7128.73
13139.0,16,7,97533.36
13140.0,108,3,2079.43
13141.0,85,5,26836.41
13142.0,19,1,4588.03
13144.0,333,1,696.35
13145.0,40,4,8583.64
13146.0,26,1,2556.09
13147.0,10,4,28512.000000000004
13148.0,29,12,29864.96
13149.0,14,4,27335.88
13151.0,296,1,7539.59
13153.0,6,1,20146.840000000004
13155.0,33,4,7689.46
13157.0,49,4,31657.46
13158.0,95,4,12020.74
13159.0,9,4,13387.05
13160.0,22,1,1516.8
13161.0,313,1,534.85
13162.0,122,4,39191.47
13165.0,46,2,44394.159999999996
13166.0,283,1,2550.9
13167.0,19,4,17058.01
13168.0,36,4,9697.29
13169.0,64,2,13264.560000000001
13170.0,27,1,756.95
13171.0,22,3,2665.27
13173.0,4,2,3165.45
13174.0,16,3,17256.7
13176.0,46,1,7034.87
13177.0,65,1,1524.75
13178.0,26,11,91452.95
13182.0,45,1,2191.06
13183.0,8,9,171882.88
13184.0,15,10,26487.93
13185.0,268,1,856.8000000000001
13186.0,40,3,16119.77
13187.0,337,1,966.3199999999999
13188.0,11,1,2405.4
13189.0,19,2,7787.44
13192.0,95,2,8002.3
13193.0,61,1,274.86
13194.0,136,1,486.20000000000005
13196.0,11,4,19355.08
13198.0,10,6,37622.22
13199.0,4,38,793456.26
13200.0,19,4,13881.470000000001
13203.0,10,4,12066.82
13207.0,15,2,3664.6800000000003
13208.0,59,6,9382.69
13209.0,30,8,83885.63
13210.0,94,1,6009.44
13211.0,10,3,46610.84
13212.0,20,3,2029.87
13213.0,57,5,22908.84
13216.0,268,1,22573.54
13217.0,122,3,39964.36
13218.0,127,1,929.28
13220.0,78,4,10313.37
13221.0,240,2,3994.71
13223.0,200,2,5467.200000000001
13224.0,60,2,46766.03
13225.0,3,7,793073.36
13226.0,273,1,654.49
13227.0,202,1,3666.3
13228.0,81,1,35800.0
13229.0,226,1,970.95
13230.0,4,14,15993.449999999999
13232.0,13,7,10354.17
13233.0,74,2,14448.0
13235.0,212,1,10182.19
13236.0,25,2,10106.75
13238.0,17,4,10185.23
13239.0,262,1,5072.5199999999995
13240.0,96,4,3186.75
13242.0,112,3,2704.0
13243.0,203,1,2596.12
13244.0,93,1,164.14000000000001
13245.0,51,1,3241.0
13246.0,18,6,100506.07999999999
13247.0,18,4,6792.66
13248.0,125,2,5349.179999999999
13249.0,92,3,71212.59
13253.0,157,2,69754.88
13255.0,9,2,9176.07
13258.0,12,3,9281.849999999999
13259.0,62,1,525.56
13260.0,61,1,13368.76
13261.0,269,2,21379.8
13262.0,263,1,2024.99
13263.0,1,35,37226.03
13265.0,53,5,87258.14
13266.0,11,12,141397.66
13267.0,3,19,44529.71
13268.0,18,11,40819.71
13269.0,1,15,92898.16
13270.0,366,1,118000.0
13271.0,37,1,1094.6699999999998
13272.0,31,2,1729.14
13273.0,113,1,1391.12
13276.0,64,2,3538.43
13277.0,16,4,6052.4
13278.0,41,1,9139.77
13279.0,78,1,1000.4300000000001
13280.0,122,3,5844.92
13282.0,18,3,10302.98
13283.0,60,2,1116.44
13284.0,331,1,1289.13
13285.0,23,4,28667.64
13291.0,156,1,3917.77
13292.0,39,2,7064.44
13294.0,190,2,6923.24
13295.0,360,1,1766.8000000000002
13296.0,137,1,1049.8
13297.0,8,4,44210.03
13298.0,1,1,21600.0
13299.0,268,1,855.0000000000001
13300.0,169,1,3796.6299999999997
13301.0,104,4,4283.93
13302.0,155,1,318.75
13304.0,351,1,3114.48
13305.0,4,10,36078.06
13307.0,120,1,60.0
13308.0,23,3,35481.67
13309.0,7,5,19203.67
13310.0,28,3,9090.789999999999
13311.0,4,2,11175.93
13313.0,22,5,19167.54
13314.0,2,3,6264.4800000000005
13316.0,37,4,1063893.97
13317.0,66,6,18918.0
13318.0,1,3,12218.720000000001
13319.0,5,26,131249.51
13320.0,78,4,14981.88
13321.0,72,2,46461.840000000004
13322.0,17,1,1652.9
13323.0,3,5,14806.95
13324.0,36,10,535272.35
13325.0,82,1,16855.6
13327.0,39,8,67968.99
13328.0,316,1,81505.92
13329.0,32,2,23683.739999999998
13330.0,93,3,17113.63
13332.0,14,1,2963.88
13334.0,82,3,30925.62
13336.0,77,1,8542.86
13338.0,158,1,8183.880000000001
13339.0,201,1,4898.36
13340.0,45,7,748252.22
13341.0,261,1,5655.95
13343.0,178,1,2229.97
13344.0,68,3,17639.53
13345.0,288,1,2606.7
13347.0,70,1,8753.36
13348.0,64,1,2044.32
13349.0,11,1,3053.68
13350.0,16,2,9108.4
13351.0,66,1,2715.14
13352.0,60,1,4597.12
13354.0,71,1,8906.83
13355.0,122,1,7815.5
13356.0,80,1,5402.76
13357.0,257,1,3998.54
13358.0,269,1,3468.23
13359.0,64,1,2700.78
13362.0,9,4,27222.12
13363.0,18,2,10353.16
13364.0,71,1,1079.62
13365.0,34,2,20010.79
13366.0,50,1,8087.040000000001
13368.0,257,2,6004.38
13369.0,366,1,3459.5200000000004
13370.0,372,1,6440.31
13372.0,90,1,2216.24
13373.0,61,3,38938.37
13375.0,89,1,10811.69
13376.0,99,3,9022.24
13379.0,26,3,4721.3
13381.0,32,6,45436.83
13382.0,281,1,1959.07
13384.0,31,7,138617.55
13385.0,330,1,3854.87
13388.0,131,2,5369.62
13389.0,11,3,6772.5
13390.0,75,1,12015.36
13391.0,204,1,239.2
13394.0,2,8,44256.82
13395.0,185,1,4445.4400000000005
13396.0,29,2,21984.45
13397.0,73,5,24649.73
13398.0,192,1,4542.599999999999
13402.0,127,2,7879.35
13403.0,18,1,1740.0
13404.0,1,2,3089.95
13405.0,74,3,3653.451
13408.0,2,62,1411603.98
13410.0,24,5,23408.600000000002
13411.0,107,1,1098.45
13414.0,134,3,504164.7
13416.0,44,2,7005.0
13417.0,5,2,3510.13
13418.0,12,18,98144.59
13419.0,64,1,3428.3
13420.0,150,2,1507.75
13421.0,40,2,34147.049999999996
13422.0,64,1,28157.879999999997
13425.0,108,3,35807.83
13426.0,1,10,67914.48000000001
13427.0,19,3,12091.06
13428.0,10,1,526.2
13429.0,11,4,20836.34
13430.0,19,2,9091.71
13431.0,67,2,32300.6
13434.0,74,2,36852.48000000001
13435.0,5,7,119768.97
13436.0,2,1,1036.09
13437.0,14,7,33797.58
13439.0,255,1,1714.9099999999999
13441.0,92,1,6977.76
13447.0,23,3,11132.9
13448.0,17,6,38189.91
13449.0,24,1,3318.7799999999997
13450.0,27,6,80926.92
13451.0,26,5,18420.44
13452.0,259,2,590.0
13453.0,166,2,3111.56
13455.0,25,2,7748.38
13456.0,18,6,35273.100000000006
13458.0,7,14,169830.23
13460.0,29,2,2962.4
13461.0,39,3,76593.2
13462.0,253,1,984.6
13464.0,58,1,6509.04
13466.0,184,1,4813.94
13467.0,11,2,7843.07
13468.0,2,37,66806.84999999999
13470.0,99,2,1650.0
13471.0,1,4,21913.68
13473.0,61,2,4666.42
13474.0,236,1,488.21999999999997
13475.0,191,4,20574.32
13476.0,179,2,8314.41
13477.0,38,6,18280.879999999997
13479.0,201,2,3366.1499999999996
13481.0,46,5,19933.56
13482.0,232,1,1858.7
13483.0,66,1,2292.36
13484.0,241,1,2374.8
13485.0,233,1,6582.12
13486.0,78,3,11233.91
13487.0,58,3,4230.7
13488.0,17,13,118079.55
13489.0,105,4,57239.04000000001
13491.0,52,10,11391.74
13492.0,136,3,11109.92
13493.0,275,2,44018.27
13494.0,312,1,3106.98
13495.0,8,5,43287.51
13496.0,11,2,7207.49
13497.0,283,2,2982.65
13499.0,18,5,49744.549999999996
13500.0,23,3,11619.77
13501.0,288,1,22448.02
13502.0,17,3,3938.48
13503.0,71,1,2765.25
13504.0,64,1,2081.77
13505.0,73,4,45741.79
13506.0,316,2,6248.66
13507.0,3,4,23031.12
13508.0,244,1,246.85000000000002
13509.0,9,7,36147.74
13510.0,1,4,20784.12
13512.0,261,1,2685.25
13513.0,127,1,3937.3999999999996
13514.0,74,1,1504.0000000000002
13515.0,73,4,9760.5
13516.0,21,3,105785.13
13517.0,60,3,19617.88
13518.0,86,1,6479.84
13519.0,78,1,342.35
13520.0,59,6,103205.15
13521.0,1,3,2069.11
13522.0,30,1,1053.2
13523.0,33,5,47346.799999999996
13524.0,41,5,9637.720000000001
13525.0,15,2,77810.04
13527.0,34,7,18479.22
13529.0,79,2,1327.22
13531.0,205,2,4582.8
13532.0,34,1,1211.51
13533.0,183,3,832.79
13534.0,2,25,66785.32
13536.0,1,7,58762.09
13538.0,43,7,9976.35
13539.0,86,3,4810.62
13544.0,40,2,435.88
13546.0,12,3,2468.91
13548.0,96,2,7529.48
13549.0,26,7,8248.0
13551.0,319,1,275.4
13552.0,66,12,59055.17
13555.0,74,4,101435.48
13557.0,28,2,10655.2
13558.0,6,4,1735.26
13560.0,7,1,405.52000000000004
13561.0,216,1,2812.3399999999997
13562.0,82,3,18367.85
13563.0,84,2,5395.85
13564.0,144,3,13019.449999999999
13565.0,19,2,1765.04
13566.0,41,2,3888.66
13568.0,173,1,326.35
13569.0,17,2,746.5
13570.0,243,1,2840.79
13571.0,13,12,13147.06
13572.0,206,1,34797.97
13573.0,50,2,6567.09
13575.0,23,5,6863.21
13576.0,10,18,334011.12000000005
13577.0,25,4,16959.6
13579.0,15,2,4933.24
13581.0,309,1,431.5
13583.0,156,1,10706.27
13584.0,307,1,317.7
13587.0,64,1,24968.0
13588.0,16,9,39113.97
13589.0,15,2,2325.05
13590.0,11,6,73950.12
13591.0,65,3,8924.03
13592.0,36,4,1325.8
13593.0,108,5,13382.800000000001
13594.0,53,1,6002.47
13596.0,6,2,3626.73
13598.0,47,1,297.8
13599.0,1,21,104651.44
13600.0,312,1,3615.92
13601.0,45,2,5602.92
13602.0,65,1,5509.51
13603.0,26,1,1200.88
13606.0,29,3,4607.049999999999
13607.0,40,1,2700.83
13610.0,12,7,3694.15
13611.0,89,3,16755.72
13614.0,24,4,5286.56
13615.0,319,1,3951.21
13617.0,40,3,5187.28
13618.0,174,1,3219.24
13621.0,117,1,3004.0699999999997
13623.0,31,5,6301.4
13626.0,253,1,2459.47
13627.0,59,5,56537.83
13629.0,23,11,909287.72
13630.0,5,7,103734.12
13631.0,100,11,230647.82
13632.0,25,5,23191.670000000002
13634.0,33,5,7950.36
13635.0,68,1,11200.51
13636.0,37,5,7891.44
13637.0,52,3,4308.1
13638.0,16,1,1181.82
13639.0,74,1,50747.0
13642.0,216,1,1558.76
13643.0,31,3,4852.38
13644.0,16,4,37362.5
13645.0,120,1,10904.6
13647.0,10,4,26200.7
13649.0,257,2,3271.7
13650.0,17,6,17902.920000000002
13651.0,35,2,551.4
13652.0,46,3,10368.36
13654.0,43,6,33085.09
13655.0,114,2,9381.73
13656.0,165,2,4475.39
13657.0,11,2,5730.719999999999
13658.0,10,5,23704.309999999998
13659.0,206,2,16952.88
13662.0,86,3,8475.3
13663.0,179,1,1186.61
13666.0,60,3,629.65
13667.0,149,1,590.69
13668.0,3,21,178915.83000000002
13669.0,51,2,5562.75
13670.0,75,1,3979.0
13672.0,301,2,1979.5500000000002
13673.0,19,2,1249.04
13675.0,151,2,6654.76
13678.0,152,1,14112.48
13680.0,1,4,122011.42
13681.0,18,4,6846.570000000001
13682.0,187,1,187.0
13684.0,286,1,119.91
13685.0,3,7,1788453.4
13686.0,183,1,615.0
13689.0,63,1,89680.0
13690.0,59,1,963.25
13692.0,25,3,43337.68
13694.0,4,50,8886315.18
13695.0,31,15,77740.99
13697.0,39,1,1996.8999999999999
13699.0,155,1,1423.5600000000002
13700.0,26,10,49246.79
13703.0,318,1,995.0
13704.0,5,9,22752.04
13705.0,8,3,8363.2
13706.0,303,1,2891.27
13707.0,267,2,7097.89
13708.0,271,1,2740.37
13709.0,4,13,114263.73000000001
13710.0,32,1,4483.2
13711.0,219,2,2426.1800000000003
13712.0,247,1,10819.439999999999
13715.0,281,5,7131.41
13716.0,269,1,1340.8
13717.0,32,6,28793.27
13718.0,246,2,4577.15
13719.0,15,5,12432.32
13720.0,117,4,17666.9
13721.0,36,1,6722.9
13722.0,132,3,45715.189999999995
13723.0,217,1,1571.8500000000001
13725.0,50,8,14930.58
13726.0,39,2,51414.92
13727.0,29,2,2443.92
13728.0,37,6,6945.78
13730.0,136,2,7812.46
13731.0,219,2,4369.19
13732.0,28,1,7247.02
13735.0,25,4,20012.48
13736.0,5,2,2171.98
13737.0,200,1,3893.9999999999995
13739.0,18,1,4555.799999999999
13740.0,241,1,6653.11
13741.0,72,3,4466.43
13742.0,17,12,14470.11
13743.0,3,7,73690.56
13744.0,95,2,27069.899999999998
13745.0,162,1,6617.92
13747.0,374,1,636.8
13748.0,96,5,32921.67
13750.0,54,5,110617.6
13751.0,288,1,17447.25
13752.0,124,6,22905.2
13753.0,288,1,10160.72
13754.0,152,2,5848.799999999999
13755.0,4,9,13508.12
13756.0,2,14,229815.54
13758.0,12,7,84156.20999999999
13759.0,33,2,13144.830000000002
13760.0,54,2,1484.69
13761.0,50,2,9499.23
13762.0,219,1,17137.92
13763.0,63,1,90974.08
13764.0,71,3,7900.72
13767.0,2,37,886899.56
13769.0,2,10,41051.41
13771.0,64,4,44235.63
13772.0,34,3,6070.2300000000005
13774.0,82,1,2861.1
13777.0,1,33,4264207.04
13778.0,103,1,1620.1
13780.0,7,2,14396.210000000001
13781.0,251,1,228.58
13782.0,13,6,4163.58
13784.0,10,11,295374.38999999996
13786.0,367,1,5203.2
13787.0,76,2,4626.08
13790.0,4,1,6970.16
13791.0,128,2,180600.0
13792.0,66,2,1311.25
13798.0,1,57,3166711.25
13799.0,117,2,7748.5199999999995
13800.0,310,1,5790.139999999999
13801.0,67,1,2349.1
13802.0,139,3,349010.44
13803.0,255,1,2032.11
13804.0,31,7,29646.789999999997
13805.0,52,2,125159.2
13806.0,64,1,1814.18
13807.0,367,1,651.1999999999999
13808.0,6,5,22356.760000000002
13809.0,305,1,497.05
13810.0,29,3,8133.07
13811.0,184,3,3889.5
13812.0,42,3,4775.74
13813.0,40,4,9770.18
13814.0,92,2,28208.9
13815.0,22,4,74629.94
13816.0,24,2,5541.55
13817.0,29,2,3210.3599999999997
13819.0,302,3,46768.35
13821.0,145,2,968.42
13822.0,6,2,10961.52
13823.0,19,2,13699.76
13824.0,33,5,42909.200000000004
13826.0,176,1,1295.8
13827.0,58,3,702.1
13828.0,22,1,4204.2300000000005
13831.0,16,6,92915.09
13832.0,19,1,506.4
13833.0,159,1,2309.35
13835.0,25,4,6302.57
13837.0,212,2,4369.67
13838.0,6,4,1404.34
13841.0,253,1,8500.0
13842.0,59,9,28509.26
13844.0,11,1,3506.52
13845.0,65,1,7927.96
13846.0,25,3,5952.14
13848.0,92,3,1373500.0
13849.0,52,2,14998.33
13850.0,129,1,15983.82
13851.0,96,3,462719.7
13853.0,57,1,16476.12
13854.0,9,25,209103.06
13856.0,169,3,30356.600000000002
13858.0,57,1,1605.61
13859.0,326,1,1076.52
13860.0,1,5,9263.66
13862.0,18,8,26866.96
13863.0,248,1,3442.6
13865.0,58,4,3323.98
13866.0,74,1,1351.95
13867.0,31,3,7905.83
13868.0,7,2,4035267.88
13869.0,123,4,19006.49
13870.0,2,8,68812.08
13871.0,23,13,58644.31
13873.0,120,3,2110.66
13874.0,358,1,6170.55
13875.0,54,5,28004.350000000002
13876.0,64,1,583.4
13877.0,86,1,5001.12
13878.0,55,1,17206.89
13880.0,21,13,36930.729999999996
13881.0,4,20,1655025.98
13882.0,3,5,16556.87
13883.0,11,5,28606.32
13884.0,7,5,7286.200000000001
13885.0,189,2,3482.4
13886.0,71,1,1949.32
13887.0,204,1,2484.27
13888.0,120,2,4639.43
13889.0,93,1,5243.700000000001
13890.0,1,10,14726.59
13892.0,27,4,59464.35
13893.0,298,1,18665.399999999998
13894.0,24,3,12140.54
13895.0,28,4,40133.31
13897.0,50,1,3866.4
13898.0,326,1,1264.87
13899.0,16,2,3001.36
13900.0,183,3,10284.17
13901.0,72,5,36164.46
13904.0,37,2,4073.16
13908.0,80,4,44076.61
13911.0,57,9,90304.49
13914.0,12,2,6859.55
13917.0,50,2,3091.84
13918.0,50,2,111385.6
13919.0,59,2,5990.61
13922.0,352,1,1994.75
13923.0,54,1,3268.3100000000004
13924.0,2,6,23068.29
13925.0,93,4,5844.87
13926.0,23,1,2077.25
13927.0,75,1,3748.73
13928.0,11,4,2312.23
13929.0,169,2,22648.15
13930.0,58,2,5797.639999999999
13931.0,96,2,19905.35
13932.0,295,1,1667.9
13933.0,109,2,5575.59
13934.0,264,1,13688.699999999999
13936.0,180,1,4406.04
13937.0,169,1,2506.95
13938.0,35,1,775.7199999999999
13939.0,23,3,10160.17
13940.0,17,4,9926.1
13941.0,22,5,359900.4
13946.0,79,3,31803.749999999996
13947.0,65,1,845.9999999999999
13948.0,361,1,1531.1999999999998
13949.0,3,6,44464.86
13950.0,11,4,8217.18
13951.0,176,3,8876.27
13952.0,218,2,33669.151
13953.0,7,7,1352452.0
13954.0,2,2,2499.86
13955.0,154,2,2180.52
13956.0,5,5,5566.63
13959.0,79,3,3464.88
13960.0,21,2,2393.88
13962.0,22,2,1197.13
13963.0,308,4,9979.619999999999
13967.0,146,1,1834.2
13969.0,7,18,148609.71
13971.0,19,8,35974.38
13972.0,71,2,1788.9499999999998
13973.0,287,1,2739.0
13974.0,49,1,3554.23
13975.0,31,6,19922.32
13976.0,207,1,5688.2
13978.0,15,2,5433.31
13979.0,73,1,9894.91
13980.0,60,1,2755.56
13982.0,39,4,27756.21
13983.0,30,12,31198.97
13984.0,27,5,190397.27
13985.0,4,15,75323.31
13986.0,17,1,21243.66
13988.0,20,6,55836.26
13989.0,66,2,85620.32
13990.0,213,1,3515.18
13991.0,12,6,14017.66
13992.0,30,1,1047.6
13993.0,43,9,38387.12
13994.0,4,6,17345.9
13995.0,15,5,14009.77
13999.0,10,12,44480.97
14000.0,211,1,38340.04
14001.0,46,3,108932.31999999999
14002.0,134,2,8434.65
14004.0,43,7,91428.3
14005.0,10,5,126163.44
14006.0,116,3,46328.43
14009.0,198,2,6142.97
14012.0,278,1,4818.8
14013.0,110,3,6410.04
14014.0,77,1,15786.88
14015.0,53,1,21009.719999999998
14016.0,162,4,70081.33
14019.0,47,3,40948.59
14020.0,17,2,7508.139999999999
14021.0,155,3,7033.1
14022.0,225,1,7366.7
14023.0,7,2,6597.77
14024.0,122,2,3345.1
14027.0,61,1,1158.84
14029.0,63,2,6714.4400000000005
14030.0,18,8,15087.24
14031.0,7,19,1204267.82
14032.0,2,11,55985.61
14034.0,22,3,10276.21
14035.0,29,5,27837.559999999998
14036.0,285,1,4520.01
14037.0,176,2,368.30000000000007
14038.0,78,3,15839.7
14039.0,33,1,4067.2
14040.0,41,12,43888.12
14041.0,266,1,1717.2299999999998
14044.0,27,4,948.7
14045.0,109,4,142094.84999999998
14046.0,284,1,8209.07
14047.0,9,5,24208.65
14048.0,305,1,1907.97
14049.0,17,4,68609.06
14050.0,32,2,9662.1
14051.0,1,23,347274.75
14052.0,20,1,593.3199999999999
14053.0,124,2,21288.75
14054.0,65,1,944.52
14055.0,106,1,47086.22000000001
14056.0,1,23,41922.29
14057.0,24,17,223452.4
14059.0,267,1,4334.4
14060.0,5,19,259846.64
14062.0,10,12,709479.0900000001
14064.0,29,5,295726.81999999995
14066.0,267,1,890.5500000000001
14067.0,64,2,4239.48
14068.0,320,1,1112.75
14071.0,4,8,7327.41
14073.0,32,1,1340.4799999999998
14075.0,5,3,18896.68
14076.0,129,1,294.15
14077.0,41,5,8156.799999999999
14078.0,102,6,15333.369999999999
14079.0,125,1,20733.8
14080.0,33,1,547.2
14081.0,302,2,4465.6
14082.0,365,1,1347.75
14083.0,4,9,6021.5199999999995
14085.0,2,18,43730.61
14087.0,3,1,940.23
14088.0,10,13,1457930.19
14089.0,57,1,3198.55
14090.0,325,1,5495.040000000001
14092.0,8,14,40195.13
14093.0,12,1,2930.0
14096.0,4,17,457939.39
14098.0,37,1,2222.89
14099.0,16,11,41933.27
14100.0,138,1,510.95000000000005
14101.0,74,6,2248921.27
14102.0,5,5,31739.86
14104.0,155,2,530.41
14105.0,239,1,12641.21
14107.0,52,7,37676.45
14108.0,31,2,6419.45
14109.0,73,1,1484.4
14110.0,4,12,212374.93
14111.0,14,4,41633.85
14112.0,23,7,35507.23
14113.0,4,4,101640.38
14114.0,274,2,2374.21
14116.0,20,5,13698.66
14117.0,144,1,2160.0
14121.0,4,4,36847.31
14124.0,84,1,153311.88
14125.0,11,3,25328.77
14126.0,8,3,98901.59000000001
14127.0,123,3,5223.07
14128.0,61,2,6834.16
14129.0,2,5,13282.94
14130.0,319,1,3554.37
14132.0,2,11,75027.73
14133.0,130,3,8028.259999999999
14135.0,2,15,251701.19
14138.0,2,2,13559.16
14139.0,46,1,10427.079999999998
14140.0,4,2,10594.789999999999
14141.0,3,4,9377.83
14142.0,373,1,3730.27
14143.0,134,1,519.5999999999999
14145.0,47,4,290109.6
14146.0,9,5,62839.04
14147.0,78,2,10986.4
14148.0,234,1,1364.1
14149.0,221,1,3458.0
14150.0,36,2,14088.48
14152.0,75,2,9175.19
14154.0,239,2,9130.96
14155.0,266,1,562.75
14156.0,10,55,13869461.38
14157.0,20,2,3490.7900000000004
14158.0,40,1,9812.26
14159.0,20,11,23348.15
14161.0,216,3,5675.44
14162.0,174,2,3134.82
14163.0,87,4,68875.23
14164.0,71,2,129365.20999999999
14165.0,276,1,265.65999999999997
14167.0,39,4,2120.15
14171.0,98,1,1183.27
14173.0,11,4,6788.24
14174.0,33,1,500.44
14175.0,60,3,28580.54
14176.0,297,4,4617.3
14177.0,86,4,6508.7
14178.0,9,7,11168.3
14179.0,41,2,2242.79
14180.0,11,25,15803.06
14184.0,67,1,2308.79
14185.0,331,1,243.05
14188.0,31,6,38981.840000000004
14189.0,2,15,75874.86
14191.0,2,13,68087.88
14193.0,68,2,11262.75
14194.0,5,21,120256.64
14195.0,202,2,231571.19999999998
14196.0,107,1,14229.359999999999
14198.0,18,4,5814.1
14199.0,218,1,2925.6
14201.0,60,7,14373.36
14204.0,2,1,298.63
14205.0,17,2,3699.8
14206.0,239,1,4724.24
14208.0,95,1,1503.1200000000001
14209.0,11,6,23519.69
14210.0,106,6,13733.52
14211.0,53,9,34612.82
14212.0,90,1,131078.72
14214.0,31,5,10145.1
14215.0,12,6,21891.1
14216.0,3,4,28747.86
14217.0,2,17,20049.04
14218.0,43,1,1959.52
14219.0,4,1,1039.08
14220.0,247,2,14652.539999999999
14221.0,42,9,43192.5
14222.0,177,1,11589.99
14223.0,92,3,8673.59
14224.0,110,4,10341.63
14226.0,29,5,89389.87
14227.0,26,10,37645.76
14229.0,52,3,33430.38
14231.0,184,3,7282.59
14232.0,43,5,39936.59
14233.0,49,4,61716.38
14234.0,22,4,9474.44
14235.0,75,5,125458.44
14236.0,81,2,12113.4
14237.0,373,1,601.7
14238.0,326,1,2282.35
14239.0,43,11,21257.97
14240.0,30,2,8470.38
14241.0,184,1,3040.6000000000004
14242.0,235,2,2104.5499999999997
14243.0,9,10,23215.13
14245.0,220,2,15258.73
14246.0,111,3,17477.84
14247.0,278,1,476.81
14248.0,318,1,5944.92
14250.0,7,3,20083.49
14251.0,2,5,83781.0
14256.0,260,2,7682.8
14257.0,64,5,111056.48000000001
14258.0,9,9,1390557.88
14259.0,142,1,1987.1999999999998
14261.0,51,2,11322.77
14262.0,8,8,36125.87
14264.0,155,2,1706.6100000000001
14265.0,109,2,4947.86
14267.0,163,3,13484.56
14270.0,332,1,2984.9500000000003
14271.0,226,1,864.24
14272.0,74,2,6956.16
14273.0,51,4,5401.21
14276.0,99,3,12766.16
14277.0,15,3,68945.65999999999
14280.0,197,1,808.3799999999999
14282.0,3,15,101191.92
14284.0,31,2,3104.15
14285.0,21,4,53833.23
14286.0,24,3,82215.13
14287.0,8,3,5000.27
14288.0,213,1,6576.0
14289.0,9,6,6254.52
14290.0,11,5,26384.45
14291.0,2,11,41338.71
14292.0,8,9,165233.61000000002
14293.0,3,4,10940.560000000001
14295.0,40,1,3204.0000000000005
14297.0,18,4,20861.309999999998
14298.0,8,44,2829360.34
14299.0,8,9,94754.7
14300.0,19,1,452.4
14301.0,117,1,36422.68
14304.0,223,1,3497.4500000000003
14305.0,71,3,21132.34
14306.0,51,2,100356.62
14307.0,89,6,35076.4
14309.0,8,9,62465.49
14311.0,243,1,2108.0
14312.0,47,6,19172.49
14314.0,107,1,3540.4799999999996
14315.0,45,6,27768.11
14317.0,65,1,5078.58
14320.0,207,2,4836.2300000000005
14321.0,11,5,28108.11
14323.0,115,2,5680.92
14326.0,242,1,3866.35
14327.0,163,1,4823.35
14329.0,17,7,72011.56
14331.0,124,2,4073.54
14332.0,23,3,21212.85
14333.0,68,1,2439.7
14334.0,17,8,28601.19
14335.0,16,2,4246.2
14336.0,17,4,32436.25
14338.0,161,2,6220.16
14339.0,243,1,4402.24
14340.0,219,1,1265.4
14341.0,45,8,26624.54
14342.0,21,4,15330.9
14344.0,127,8,11319.63
14345.0,39,1,1232.6599999999999
14346.0,121,2,9721.72
14348.0,260,1,4519.07
14349.0,10,1,366.16
14350.0,274,1,2614.35
14351.0,165,1,612.0
14352.0,157,4,13242.6
14353.0,215,1,1024.8
14354.0,6,2,5352.84
14355.0,366,1,1354.0
14356.0,80,2,5361.2699999999995
14357.0,43,1,1323.8600000000001
14359.0,19,3,6408.639999999999
14360.0,32,4,18847.67
14362.0,22,1,401.76
14364.0,109,8,232117.19
14367.0,8,16,129453.8
14368.0,320,1,700.0
14371.0,295,1,925.8
14373.0,358,1,230.14999999999998
14375.0,185,1,1261.98
14377.0,191,2,15956.45
14379.0,44,2,2800.2000000000003
14381.0,52,1,1053.36
14382.0,26,1,14189.59
14383.0,38,3,22967.07
14385.0,9,3,2170.59
14386.0,297,1,1072.0
14387.0,33,3,11452.14
14388.0,10,8,34875.18
14389.0,65,2,27517.7
14390.0,10,9,65813.15
14393.0,218,1,186.35000000000002
14395.0,2,9,18508.670000000002
14396.0,65,2,2365.95
14397.0,3,19,83266.48
14400.0,149,1,19716.3
14401.0,4,13,105059.26
14403.0,130,4,58962.729999999996
14404.0,34,6,17225.86
14406.0,119,1,1877.9499999999998
14407.0,107,6,65106.450000000004
14408.0,11,7,69595.91
14409.0,71,6,104297.61000000002
14410.0,92,9,5389.17
14411.0,311,1,16688.800000000003
14412.0,43,2,16518.329999999998
14413.0,362,1,473.15
14414.0,92,7,47454.84
14415.0,1,13,42376.83
14416.0,22,2,32286.92
14418.0,4,3,31634.83
14419.0,11,6,3988.55
14420.0,99,1,4337.2
14421.0,57,2,11934.01
14422.0,1,6,57121.16
14423.0,218,1,13545.599999999999
14424.0,18,1,15459.84
14426.0,24,10,96122.59
14427.0,50,2,6238.92
14428.0,7,5,9370.720000000001
14431.0,303,1,3575.92
14432.0,10,6,21259.76
14434.0,22,6,40473.6
14436.0,99,1,1042.58
14437.0,366,1,756.0
14438.0,306,1,1249.4
14439.0,320,1,45568.64
14440.0,8,5,27190.86
14441.0,1,4,18098.83
14442.0,205,2,9778.76
14443.0,54,4,13752.42
14446.0,1,4,6002.21
14447.0,19,5,10043.47
14448.0,9,2,12248.650000000001
14449.0,19,4,4066.62
14450.0,181,3,3035.13
14451.0,60,2,2838.54
14452.0,11,2,537.21
14453.0,190,1,440.09
14456.0,5,9,19648.68
14457.0,311,1,2938.08
14459.0,155,1,43718.0
14460.0,110,3,26281.379999999997
14461.0,148,3,15859.880000000001
14462.0,66,11,12065.69
14463.0,98,3,16238.64
14465.0,247,3,18161.66
14466.0,29,7,35148.1
14467.0,18,4,2081.08
14470.0,12,2,3147.93
14472.0,104,8,11420.41
14473.0,74,2,3240.5200000000004
14474.0,46,1,2544.36
14475.0,72,3,9832.93
14476.0,257,1,1900.0
14477.0,20,4,114320.0
14479.0,254,2,2209.15
14480.0,11,1,3725.59
14481.0,165,2,11945.27
14482.0,18,6,110904.49
14483.0,282,1,1800.6
14484.0,50,1,4723.76
14485.0,39,1,278.8
14487.0,27,6,7896.099999999999
14488.0,68,1,40286.62
14489.0,207,1,5018.08
14491.0,175,2,3059.27
14493.0,7,5,27037.06
14494.0,26,1,1914.7199999999998
14495.0,51,2,1277.6
14496.0,312,2,8658.35
14497.0,309,1,3751.73
14498.0,43,5,20997.62
14499.0,26,3,3163.36
14500.0,88,3,8337.75
14501.0,184,2,4209.05
14502.0,20,11,8205.41
14503.0,3,6,51232.96
14504.0,47,4,2489.9
14505.0,17,8,34424.29
14506.0,17,5,7455.55
14507.0,24,6,19595.0
14508.0,22,2,1011.89
14511.0,11,5,16966.41
14512.0,188,2,1515.5
14513.0,101,3,37457.03
14514.0,61,3,12905.68
14515.0,18,6,33057.07
14517.0,33,2,1832.05
14518.0,64,1,4664.370000000001
14520.0,2,2,18626.4
14522.0,24,4,41784.92
14523.0,108,1,6826.530000000001
14524.0,32,9,11423.21
14525.0,20,9,122389.48
14527.0,3,55,26266.25
14528.0,37,1,7291.18
14529.0,60,3,1212.77
14530.0,26,6,51049.13
14532.0,236,4,4204.09
14533.0,25,7,209901.06000000003
14534.0,3,18,33936.16
14535.0,60,3,22847.48
14536.0,260,1,484.95
14537.0,58,1,4266.72
14538.0,65,2,3336.03
14539.0,16,2,7733.34
14540.0,10,3,8053.4
14541.0,59,8,16927.17
14542.0,186,1,445.75000000000006
14543.0,29,16,73604.03
14544.0,24,2,51176.78
14546.0,5,5,11817.15
14547.0,4,8,37918.11
14548.0,151,2,52224.0
14549.0,311,1,905.2199999999999
14550.0,11,2,10286.71
14551.0,18,2,2292.41
14552.0,152,1,308.0
14553.0,19,5,4917.2699999999995
14554.0,10,4,31128.510000000002
14555.0,57,2,3601.0399999999995
14557.0,85,1,28644.68
14560.0,7,22,58440.909999999996
14561.0,76,3,16265.039999999999
14562.0,4,18,34754.65
14565.0,96,4,35467.26
14566.0,111,1,286400.0
14567.0,57,2,19657.440000000002
14569.0,1,1,6817.29
14570.0,281,2,1404.24
14572.0,3,7,25848.6
14573.0,180,9,4301.62
14576.0,372,1,424.80000000000007
14577.0,13,4,2937.29
14578.0,3,1,3708.4300000000003
14581.0,17,1,3843.3999999999996
14582.0,41,1,1307.0900000000001
14583.0,6,5,4057.24
14584.0,169,4,4116.08
14585.0,50,1,961.07
14586.0,277,1,5541.6
14587.0,19,9,4130.01
14589.0,372,1,71.55
14591.0,15,4,18333.21
14592.0,35,3,2118.4
14593.0,22,3,1813.3899999999999
14594.0,7,2,1559.21
14595.0,20,6,18122.84
14597.0,11,2,27402.02
14598.0,44,1,1128.69
14600.0,306,1,1864.3700000000001
14601.0,11,1,8411.04
14603.0,275,1,132000.0
14606.0,1,93,88095.77
14607.0,16,14,3781739.56
14608.0,4,4,57604.45
14609.0,72,4,1146443.76
14616.0,243,3,16715.52
14618.0,9,3,11203.44
14619.0,246,1,3246.88
14620.0,206,2,4223.24
14621.0,1,5,19138.420000000002
14622.0,185,1,2229.7200000000003
14623.0,32,5,6000.259999999999
14624.0,57,2,2698.45
14625.0,196,2,5657.61
14626.0,24,4,39802.03
14628.0,91,2,7181.4800000000005
14629.0,4,2,2731.5
14631.0,51,3,23323.64
14632.0,263,1,1529.6799999999998
14633.0,266,1,1558.9
14636.0,36,2,6064.31
14638.0,51,1,4770.22
14639.0,52,6,27860.55
14640.0,24,6,18412.76
14641.0,22,1,1694.5199999999998
14642.0,59,1,5574.240000000001
14643.0,170,2,18555.15
14644.0,68,2,10771.2
14645.0,157,2,6567.59
14646.0,2,73,57056040.68
14647.0,201,1,2365.56
14649.0,5,4,20492.71
14651.0,67,2,3311.35
14652.0,77,1,295.04
14653.0,1,7,11703.25
14655.0,8,4,69382.20999999999
14656.0,169,2,504.89
14657.0,18,4,4844.24
14658.0,5,2,526.15
14659.0,9,9,14518.15
14660.0,87,2,3459.66
14661.0,27,1,1163.0500000000002
14662.0,29,4,5181.71
14664.0,20,2,4488.0199999999995
14665.0,61,5,18264.5
14666.0,24,1,2616.6499999999996
14667.0,11,25,161266.32
14669.0,242,3,7252.0599999999995
14670.0,280,2,1648.22
14672.0,235,2,7897.110000000001
14673.0,3,5,32168.12
14675.0,16,1,5180.78
14676.0,31,6,163456.0
14680.0,25,16,2425666.21
14681.0,71,3,15215.45
14682.0,188,2,2163.2000000000003
14684.0,26,5,5509.93
14687.0,107,1,32853.72
14688.0,8,21,123659.98
14689.0,209,1,1114.2
14690.0,44,2,1664.23
14691.0,31,5,24989.25
14692.0,137,4,3047.5499999999997
14693.0,265,1,1454.0
14696.0,4,7,26341.25
14697.0,218,2,3348.7499999999995
14698.0,2,5,4385.71
14699.0,214,1,956.51
14700.0,32,3,39225.479999999996
14701.0,11,9,12050.53
14702.0,1,17,16620.53
14703.0,15,1,2596.85
14704.0,11,9,5058.72
14705.0,199,1,17900.0
14708.0,3,3,46332.229999999996
14709.0,15,13,72161.64
14710.0,14,4,2601.32
14711.0,10,11,16687.32
14712.0,29,3,18173.39
14713.0,9,11,22821.48
14714.0,24,1,15890.53
14715.0,25,4,9190.3
14716.0,43,2,8492.17
14719.0,2,5,10601.64
14720.0,6,3,4052.85
14722.0,147,1,1591.6200000000001
14723.0,10,6,5037.36
14725.0,25,1,17033.48
14727.0,274,1,1363.76
14729.0,374,1,1328.99
14730.0,1,8,5890.59
14731.0,47,3,2963.3199999999997
14732.0,8,8,34864.57
14733.0,16,12,236460.61
14735.0,4,32,88961.99
14737.0,4,3,28285.55
14738.0,43,7,18122.27
14739.0,4,7,359120.4
14740.0,197,3,11778.31
14741.0,12,6,29483.18
14744.0,16,7,60974.46
14745.0,113,5,21264.42
14747.0,249,1,1420.8
14748.0,29,5,17217.03
14752.0,44,1,35702.88
14753.0,87,1,4132.95
14754.0,45,2,7316.41
14755.0,10,11,51366.14
14756.0,15,1,7509.62
14757.0,75,1,4117.4800000000005
14758.0,145,4,8341.18
14759.0,5,3,8638.77
14760.0,297,1,667.6
14761.0,59,2,3287.4
14762.0,264,1,4998.34
14764.0,47,1,10215.4
14765.0,29,3,1875.83
14766.0,8,6,26275.27
14768.0,17,2,2331.6000000000004
14769.0,3,8,118747.62
14770.0,232,2,7935.82
14772.0,112,1,1323.82
14775.0,58,3,22562.04
14776.0,51,11,86472.84
14778.0,127,2,7022.22
14779.0,281,3,987.25
14780.0,55,2,4639.3
14782.0,320,1,7507.8
14784.0,26,2,4314.03
14785.0,10,2,2653.92
14788.0,7,2,8502.76
14789.0,29,1,3663.84
14790.0,17,4,11330.5
14792.0,64,1,6.2
14793.0,21,1,1409.79
14794.0,3,7,9922.51
14795.0,166,1,417.65000000000003
14796.0,1,17,85450.33
14798.0,53,3,2096.76
14799.0,51,1,1712.82
14800.0,48,12,58226.33
14801.0,61,1,605.6
14803.0,162,3,22736.489999999998
14804.0,9,1,3360.11
14805.0,15,4,2851.6
14806.0,75,1,6405.73
14808.0,40,8,49411.96
14810.0,41,11,11265.33
14813.0,370,2,414.46
14815.0,37,2,11453.44
14816.0,197,1,283.75
14817.0,200,2,11461.58
14818.0,74,3,11690.92
14819.0,64,2,2856.81
14820.0,21,4,4306.83
14821.0,367,1,491.20000000000005
14823.0,180,3,426.63
14824.0,10,4,31031.57
14825.0,4,12,22260.65
14828.0,197,3,441592.96
14829.0,29,4,7796.61
14830.0,53,1,1219.76
14834.0,18,6,26733.82
14836.0,10,3,918.7499999999999
14837.0,90,4,20153.62
14840.0,268,1,473.55
14841.0,53,6,48505.9
14842.0,44,4,21421.23
14844.0,64,4,149574.13
14847.0,149,1,2956.4
14849.0,22,25,134200.8
14850.0,312,1,5857.75
14851.0,23,2,6601.35
14852.0,58,6,41929.51
14853.0,24,2,6486.0
14854.0,78,7,50448.67
14855.0,119,2,10225.75
14856.0,36,3,15148.089999999998
14857.0,60,2,9964.08
14859.0,13,4,18117.92
14860.0,19,1,4133.76
14861.0,52,1,2268.9900000000002
14862.0,26,2,12341.119999999999
14863.0,29,1,3201.12
14865.0,7,2,1291.68
14866.0,11,12,1619119.58
14867.0,186,3,6771.76
14868.0,3,8,31155.15
14869.0,9,2,6141.81
14870.0,262,1,3221.75
14871.0,3,4,1165.82
14873.0,210,1,3001.06
14875.0,108,2,33029.020000000004
14878.0,13,9,19165.73
14880.0,77,3,5058.2300000000005
14881.0,20,1,5202.4
14882.0,27,2,9434.6
14883.0,19,6,11630.41
14885.0,132,1,37710.56
14886.0,253,1,3392.0
14887.0,79,1,365200.0
14888.0,207,1,3290.0
14889.0,336,1,1178.7
14890.0,254,1,884.15
14891.0,148,2,8861.74
14893.0,10,2,12734.55
14894.0,85,1,8918.79
14895.0,8,20,135143.03
14896.0,205,2,4073.07
14897.0,8,4,10976.1
14898.0,23,6,50039.99
14901.0,11,9,13813.15
14902.0,26,1,3386.2
14903.0,21,5,17812.45
14904.0,2,2,56962.62
14905.0,158,2,13635.55
14907.0,3,7,38788.68
14908.0,74,1,4652.4
14910.0,3,4,3506.5499999999997
14911.0,1,201,4261417.63
14912.0,17,2,46112.87
14913.0,36,4,27577.35
14915.0,91,2,2912.88
14916.0,71,4,17930.0
14918.0,116,2,24725.47
14920.0,213,2,9156.91
14921.0,30,2,16850.49
14923.0,51,1,7843.9
14924.0,246,1,1585.65
14929.0,32,1,2620.88
14930.0,109,3,19985.96
14931.0,5,5,10199.9
14932.0,366,1,1920.41
14934.0,82,2,31318.14
14935.0,297,1,205551.53
14936.0,34,8,99327.3
14937.0,57,3,33454.880000000005
14944.0,30,12,124348.81
14946.0,14,1,738.2
14947.0,72,2,4404.18
14948.0,23,6,11351.710000000001
14950.0,19,1,2671.04
14951.0,79,1,4376.2699999999995
14952.0,60,11,301519.91000000003
14953.0,25,1,1962.13
14954.0,12,1,634.35
14957.0,253,1,224.99
14958.0,147,3,1450.45
14959.0,64,4,8084.22
14960.0,8,2,2570.49
14961.0,11,9,120140.66
14962.0,271,1,2645.1000000000004
14963.0,10,5,33750.04
14964.0,247,1,10275.11
14965.0,96,2,3589.69
14966.0,15,1,1777.84
14967.0,50,1,15914.4
14968.0,30,1,610.47
14970.0,68,4,14670.86
14971.0,35,3,7369.7
14972.0,128,1,168.63
14973.0,107,3,8792.23
14974.0,37,1,280.8
14975.0,57,1,13164.7
14976.0,57,7,3693.9
14978.0,72,5,6044.55
14981.0,246,1,1081.98
14984.0,19,2,285.45
14985.0,198,2,2150.31
14987.0,16,2,10444.8
14988.0,212,1,1992.48
14995.0,39,2,473.66
14997.0,46,3,25850.239999999998
14998.0,170,2,2495.33
15000.0,48,1,2241.6
15002.0,116,4,17870.12
15004.0,147,1,7780.65
15005.0,16,28,30393.11
15006.0,51,1,1562.36
15007.0,159,1,1125.27
15009.0,12,3,6689.75
15010.0,36,1,2927.88
15012.0,54,2,924.26
15014.0,43,2,5167.17
15016.0,173,1,679.5600000000001
15017.0,34,1,446.68
15018.0,39,3,2408.73
15019.0,267,1,694.65
15021.0,9,9,4774.71
15022.0,12,4,4855.33
15023.0,3,11,50020.51
15024.0,10,10,13270.55
15025.0,33,1,1745.6
15026.0,80,3,2803.7
15027.0,31,4,33893.549999999996
15028.0,8,4,9615.95
15030.0,72,2,30564.000000000004
15031.0,4,4,9228.69
15032.0,256,3,597011.6
15033.0,5,10,11993.68
15034.0,16,8,70744.88
15035.0,90,1,3478.63
15036.0,72,3,2782.78
15038.0,59,6,1616.36
15039.0,10,47,447393.27
15041.0,170,1,306.25
15042.0,199,1,1047.65
15043.0,31,1,53700.0
15044.0,19,17,53276.25
15045.0,152,2,7868.52
15046.0,9,15,231042.36
15047.0,270,1,3531.16
15048.0,65,4,1651.76
15049.0,274,1,4395.71
15050.0,25,3,47100.93
15051.0,23,3,26179.06
15052.0,319,1,630.91
15053.0,5,3,16029.41
15054.0,12,2,708.1
15057.0,275,2,34568.4
15058.0,25,11,18754.920000000002
15059.0,41,9,4882.94
15060.0,8,4,924.87
15061.0,4,48,6075073.4
15062.0,71,4,13098.86
15063.0,213,1,5491.599999999999
15065.0,38,4,26502.77
15066.0,53,1,7227.17
15067.0,78,3,26617.3
15068.0,46,2,2316.86
15069.0,179,1,7418.03
15070.0,373,1,3823.2000000000003
15071.0,94,2,16988.71
15073.0,10,3,9480.27
15074.0,105,1,8506.75
15075.0,78,1,17830.71
15076.0,173,1,11303.69
15078.0,7,32,124539.09
15079.0,213,4,9928.09
15081.0,22,5,2855.86
15083.0,257,1,1022.6999999999999
15087.0,282,1,20875.96
15088.0,21,2,8414.43
15089.0,10,6,19803.72
15090.0,308,1,3569.52
15091.0,68,1,5361.53
15092.0,215,2,2467.57
15093.0,18,6,236612.13999999998
15095.0,104,4,40011.74
15096.0,43,1,3017.1699999999996
15097.0,4,1,1889.28
15098.0,182,3,2356669.5
15099.0,84,1,12281.519999999999
15100.0,334,3,25228.8
15101.0,9,2,15623.71
15103.0,31,2,6197.4
15104.0,197,2,8627.68
15105.0,18,7,38738.79
15106.0,18,5,15530.22
15107.0,311,6,4585.6
15108.0,142,4,10751.75
15109.0,246,1,2159.85
15110.0,24,4,7404.6
15111.0,29,3,13305.54
15113.0,10,3,126360.87
15114.0,30,10,43433.299999999996
15115.0,18,1,2022.65
15116.0,18,4,26807.170000000002
15117.0,15,5,207739.16
15118.0,134,1,352512.0
15119.0,246,1,1431.2
15120.0,134,1,4251.46
15121.0,50,2,3188.18
15122.0,114,3,19552.2
15123.0,7,2,28944.93
15124.0,23,2,3000.2699999999995
15125.0,25,15,771317.14
15127.0,66,1,8041.95
15128.0,60,4,18896.579999999998
15129.0,50,11,149651.88
15130.0,170,1,2783.09
15132.0,18,5,19461.77
15133.0,128,3,30251.16
15134.0,15,8,17948.45
15135.0,239,1,678.75
15136.0,3,4,15569.84
15139.0,240,2,2594.08
15140.0,52,7,65207.29
15142.0,46,1,7632.74
15143.0,226,1,2595.0499999999997
15144.0,8,17,99917.92
15145.0,4,4,13495.55
15146.0,165,2,26877.8
15147.0,240,1,7228.599999999999
15148.0,11,1,2404.11
15149.0,134,1,4271.7
15150.0,17,10,55675.65
15152.0,10,13,45222.77
15153.0,31,1,3751.39
15154.0,75,1,349.66
15156.0,1,3,9346.53
15157.0,4,3,37550.81
15158.0,45,1,12865.68
15159.0,2,30,293298.15
15160.0,357,1,4530.24
15163.0,18,2,2557.19
15164.0,69,3,3582.7400000000002
15165.0,373,1,3146.85
15167.0,321,1,303.0
15168.0,26,1,839.04
15171.0,331,1,100705.0
15172.0,9,5,24212.19
15174.0,323,1,1706.59
15175.0,72,1,3757.0
15178.0,260,1,405.0
15179.0,18,5,71507.75
15180.0,367,1,482.0
15181.0,66,3,26972.96
15182.0,154,2,5846.37
15184.0,29,2,2002.86
15185.0,70,1,9678.52
15186.0,14,2,4865.030000000001
15187.0,2,16,124615.12
15189.0,1,41,716128.43
15192.0,120,3,20589.82
15193.0,61,1,3682.9599999999996
15194.0,3,15,216478.21
15195.0,3,1,5420844.0
15197.0,11,3,17909.31
15198.0,92,2,2471.2
15199.0,59,4,70292.59999999999
15201.0,87,5,28054.64
15203.0,26,6,22218.66
15204.0,357,1,8902.6
15205.0,85,2,6342.46
15206.0,10,4,9131.4
15208.0,1,5,6335.0599999999995
15210.0,225,1,3403.22
15211.0,60,2,4225.95
15212.0,241,1,673.1999999999999
15213.0,319,2,3745.35
15214.0,2,8,18864.08
15215.0,47,3,5122.740000000001
15216.0,88,1,1168.8
15218.0,11,11,305697.82999999996
15219.0,176,1,2484.55
15220.0,52,6,24021.78
15221.0,366,1,3587.75
15222.0,319,1,55020.0
15223.0,226,2,8521.75
15224.0,358,2,4270.959999999999
15225.0,234,1,4170.400000000001
15226.0,311,1,1272.3899999999999
15227.0,37,5,16311.64
15228.0,66,4,90143.87
15230.0,239,2,5676.3
15232.0,113,2,14844.84
15234.0,277,1,2252.48
15235.0,218,12,19265.41
15236.0,299,1,6294.95
15237.0,2,4,13692.36
15238.0,29,3,20860.13
15239.0,10,2,9283.49
15240.0,45,5,35991.19
15241.0,67,8,30482.96
15243.0,74,1,2572.7799999999997
15244.0,65,2,8080.87
15245.0,134,3,84284.74
15246.0,238,2,4047.9500000000003
15247.0,122,1,10419.199999999999
15249.0,32,13,72494.64
15251.0,9,11,675113.63
15252.0,36,2,8046.76
15253.0,16,5,15249.38
15254.0,127,1,5239.2
15255.0,67,1,9161.01
15256.0,149,1,977.95
15257.0,283,1,1269.55
15258.0,169,2,2490.72
15260.0,100,7,23129.31
15261.0,135,1,3296.6
15262.0,324,1,1265.65
15263.0,107,1,1027.65
15264.0,64,1,4419.92
15265.0,151,2,12416.14
15266.0,338,1,380.9
15267.0,22,5,159290.24
15269.0,24,1,3431.2000000000003
15270.0,16,7,167876.19
15271.0,7,15,17540.7
15272.0,57,2,4846.44
15274.0,4,2,10810.49
15275.0,38,1,7240.44
15276.0,66,1,162.67
15277.0,47,1,4380.42
15279.0,355,1,3157.43
15280.0,172,1,1834.02
15281.0,59,9,18964.29
15286.0,50,1,4873.450000000001
15287.0,22,2,19900.53
15288.0,43,5,27702.440000000002
15289.0,29,3,27598.86
15290.0,5,18,233548.72
15291.0,26,15,181474.94
15292.0,201,1,500.53000000000003
15296.0,51,6,41759.54
15297.0,10,3,4960.84
15298.0,2,12,413691.60000000003
15299.0,67,7,2501406.29
15300.0,64,1,5350.139999999999
15301.0,51,12,146021.91
15303.0,290,1,4580.34
15304.0,61,8,3168.5
15306.0,64,3,16803.91
15307.0,96,1,654.5
15308.0,274,1,2708.91
15311.0,1,91,4105162.25
15312.0,75,4,11427.93
15313.0,110,1,1300.0
15314.0,199,1,4309.19
15315.0,64,2,14283.8
15316.0,327,1,16500.0
15318.0,4,1,5842.84
15319.0,284,1,1924.3000000000002
15320.0,44,1,17267.269999999997
15321.0,71,3,39072.87
15322.0,86,1,7040.88
15325.0,104,1,1630.8799999999999
15326.0,334,1,3973.45
15327.0,53,1,2260.85
15329.0,39,3,8545.86
15330.0,32,2,120474.24
15332.0,366,4,35566.04
15333.0,208,1,40768.78
15334.0,157,3,1436.92
15335.0,54,1,603.66
15339.0,66,2,3686.41
15341.0,81,1,114967.52
15342.0,130,1,4833.07
15343.0,87,1,1363.4
15344.0,1,3,2078.08
15345.0,46,1,1570.6000000000001
15346.0,333,1,1977.4
15347.0,366,1,12244.8
15348.0,72,1,1385.28
15349.0,158,2,4401.17
15350.0,373,1,1254.15
15351.0,12,7,12098.78
15353.0,255,2,6060.02
15355.0,29,2,1074.75
15356.0,31,10,11717.97
15358.0,5,22,134226.02
15360.0,40,1,7755.469999999999
15361.0,362,1,45030.240000000005
15363.0,373,1,3328.9
15364.0,96,2,23162.63
15365.0,26,7,26890.86
15366.0,75,2,8372.21
15367.0,57,4,20348.33
15368.0,21,1,49037.64
15370.0,41,7,23991.59
15372.0,137,1,226631.19999999998
15373.0,8,12,13612.19
15374.0,129,1,10522.8
15376.0,40,3,7239.16
15379.0,169,7,46580.07
15380.0,9,5,36976.200000000004
15381.0,214,2,11598.75
15382.0,15,6,84236.05
15384.0,170,2,8888.19
15385.0,40,1,9180.460000000001
15386.0,186,1,5630.7
15388.0,270,1,1190.52
15389.0,172,1,200000.0
15392.0,5,4,23942.309999999998
15393.0,16,2,3184.0400000000004
15394.0,10,4,25220.14
15395.0,326,1,262.45
15396.0,113,1,2813.16
15397.0,290,1,316.3
15398.0,16,2,12993.43
15399.0,1,3,11299.07
15400.0,92,5,26534.0
15402.0,149,2,24740.97
15405.0,189,1,13234.340000000002
15406.0,31,2,3248.3100000000004
15407.0,34,4,7206.1
15408.0,264,1,1018.06
15410.0,84,8,40951.8
15411.0,26,4,9014.77
15412.0,171,1,3577.6699999999996
15414.0,10,3,10091.86
15415.0,313,1,8755.75
15416.0,65,4,45905.9
15417.0,85,1,5108.4
15419.0,25,1,5353.88
15421.0,59,4,8375.24
15422.0,323,2,583.4
15423.0,38,1,3607.5
15424.0,254,2,23057.159999999996
15426.0,19,5,6809.91
15427.0,33,3,7344.46
15428.0,15,1,1535.4
15429.0,27,2,3622.3900000000003
15432.0,23,1,1254.7900000000002
15433.0,214,2,6452.7
15434.0,8,5,16479.14
15435.0,22,1,261.03000000000003
15436.0,12,3,2833.41
15437.0,262,1,497.34
15438.0,131,1,483.15999999999997
15440.0,55,3,2209.32
15442.0,249,1,35640.0
15443.0,2,7,21956.05
15444.0,9,2,6260.8099999999995
15445.0,264,1,1406.6
15447.0,331,1,1325.61
15448.0,313,1,4133.62
15449.0,26,3,13268.460000000001
15450.0,30,1,4871.92
15452.0,30,3,3887.72
15453.0,2,7,6845.57
15454.0,362,1,781.2
15456.0,283,3,9127.31
15457.0,262,1,591.27
15458.0,25,1,3687.8399999999997
15460.0,354,1,577.14
15462.0,94,3,4855.2
15463.0,29,1,1805.24
15464.0,338,1,3677.67
15465.0,20,18,215853.3
15466.0,85,1,1665.33
15467.0,9,3,4586.54
15468.0,51,2,3107.11
15469.0,50,2,3068.51
15471.0,2,1,4512.179999999999
15472.0,113,1,1397.78
15473.0,14,7,125164.8
15475.0,77,1,4664.87
15478.0,40,2,28887.68
15480.0,116,1,5741.400000000001
15482.0,16,12,702056.62
15483.0,161,4,1681.9
15484.0,1,4,102415.09
15485.0,30,3,55348.62
15488.0,93,1,5510.040000000001
15489.0,23,3,18560.52
15491.0,95,6,42619.33
15492.0,28,2,9239.859999999999
15493.0,33,5,4223.95
15494.0,21,2,18918.14
15497.0,18,2,73093.6
15498.0,3,27,194065.06
15500.0,8,4,9309.56
15502.0,16,12,451553.05
15503.0,363,1,147.78
15504.0,81,1,117.00999999999999
15505.0,53,5,122044.72
15506.0,23,3,13441.02
15507.0,172,1,1870.7
15508.0,189,6,7938.63
15510.0,331,1,500.0
15511.0,12,5,1839.8899999999999
15512.0,156,2,1185.1999999999998
15513.0,33,19,413483.58
15514.0,12,11,258965.56
15516.0,45,3,134.29
15517.0,233,1,3580.43
15518.0,64,8,15334.47
15520.0,2,1,6485.4
15521.0,40,8,49076.04
15522.0,33,2,8635.41
15523.0,84,1,16264.210000000001
15524.0,25,1,1760.0
15525.0,2,3,2910.0699999999997
15526.0,33,2,1530.72
15527.0,19,8,24786.23
15528.0,254,1,3845.03
15529.0,23,11,34245.32
15530.0,22,4,15998.51
15531.0,8,2,12992.29
15532.0,25,4,4807.11
15533.0,19,3,6279.2699999999995
15535.0,173,4,1774.3
15537.0,163,1,180.46
15539.0,7,1,8290.84
15540.0,11,1,4012.38
15541.0,114,1,145.73000000000002
15543.0,288,1,445.12
15544.0,9,9,41225.87
15545.0,54,2,813.61
15547.0,7,14,133012.8
15549.0,77,3,14256.36
15550.0,4,4,3604.81
15551.0,37,1,3268.2400000000002
15552.0,217,1,350.7
15553.0,60,1,4575.97
15554.0,278,1,1044.4
15555.0,12,16,30785.96
15556.0,24,1,3824.49
15557.0,29,1,10021.970000000001
15561.0,12,4,9323.01
15562.0,352,1,5247.450000000001
15563.0,22,4,22418.8
15565.0,50,2,1476.72
15567.0,19,1,10764.91
15568.0,3,3,8402.47
15569.0,104,5,89454.70999999999
15570.0,7,12,31702.92
15571.0,12,4,8018.39
15572.0,5,7,18913.8
15573.0,32,2,4669.27
15574.0,178,4,2894.5
15576.0,38,1,29919.49
15577.0,151,3,928.8
15578.0,162,1,1338.1000000000001
15579.0,69,2,1145.96
15581.0,121,13,6258.35
15582.0,25,3,6456.030000000001
15584.0,24,4,3757.7999999999997
15585.0,177,1,4677.38
15587.0,50,4,41653.44
15589.0,256,3,4203.11
15592.0,47,1,7457.58
15593.0,71,1,2397.6000000000004
15594.0,16,5,16915.079999999998
15596.0,101,5,10512.49
15597.0,35,1,3704.67
15598.0,53,1,2479.6
15599.0,27,2,10783.9
15601.0,11,14,89192.5
15602.0,8,9,41295.17
15603.0,79,1,2327.04
15604.0,52,1,2119.47
15605.0,36,5,8491.970000000001
15606.0,61,9,41079.94
15607.0,337,1,1320.72
15608.0,28,4,18383.8
15609.0,184,1,3409.76
15610.0,52,1,1308.2
15611.0,10,13,51997.17
15612.0,36,2,2416.75
15615.0,10,23,174975.86
15618.0,33,4,8315.431
15619.0,11,1,17992.0
15620.0,57,3,13217.44
15621.0,4,4,67391.47
15622.0,43,9,34839.58
15623.0,141,1,1794.67
15624.0,117,4,5448.83
15625.0,104,4,36901.4
15626.0,75,2,9981.84
15628.0,5,9,35693.46
15630.0,45,2,14815.47
15632.0,16,8,42436.85
15634.0,17,1,1556.15
15636.0,90,2,8816.720000000001
15637.0,53,1,1703.7
15639.0,134,1,3831.04
15640.0,4,15,272875.02999999997
15641.0,105,4,24391.02
15643.0,192,3,4856.900000000001
15644.0,166,4,2310.38
15645.0,19,1,5865.91
15646.0,158,3,4598.4400000000005
15648.0,204,2,6977.6
15649.0,336,2,83232.0
15651.0,37,3,12457.34
15652.0,91,1,3777.34
15653.0,93,2,478333.43999999994
15654.0,9,2,29963.31
15655.0,243,1,5072.29
15656.0,45,4,5496.84
15657.0,23,1,720.0
15658.0,190,5,5976.7
15659.0,44,1,3093.15
15660.0,25,9,19468.96
15661.0,317,2,30397.600000000002
15663.0,106,1,1648.8400000000001
15664.0,51,1,4114.45
15665.0,168,2,40768.21
15667.0,40,1,5024.16
15668.0,218,1,5495.040000000001
15669.0,40,4,12013.72
15670.0,297,1,1211.15
15671.0,19,7,131679.15
15673.0,88,4,30157.29
15674.0,73,5,23928.02
15675.0,81,3,6344.03
15676.0,19,3,38486.34
15677.0,49,1,6275.97
15678.0,53,1,6318.2
15679.0,24,4,10841.08
15680.0,9,3,17433.739999999998
15681.0,25,5,22735.92
15683.0,117,1,3392.3499999999995
15687.0,9,9,23470.78
15689.0,120,2,2542.2000000000003
15690.0,4,2,5477.76
15691.0,252,1,4924.799999999999
15692.0,28,1,1918.7999999999997
15694.0,1,14,242066.38
15695.0,267,2,3896.66
15696.0,33,8,16140.89
15699.0,18,1,1719.03
15700.0,172,2,4923.219999999999
15701.0,2,4,7748.48
15703.0,265,1,3180.6000000000004
15704.0,140,4,25086.66
15705.0,201,1,3124.2
15706.0,64,4,7020.34
15707.0,35,4,4249.68
15708.0,41,7,22233.85
15709.0,284,1,3228.13
15712.0,9,5,18638.260000000002
15713.0,143,2,3000.48
15714.0,12,2,2836.4100000000003
15716.0,146,4,24642.37
15717.0,234,1,1539.0
15719.0,33,13,21892.75
15720.0,24,1,1987.93
15721.0,12,1,4427.8
15722.0,36,5,79146.33
15723.0,365,1,528.8000000000001
15724.0,201,2,1461.75
15725.0,15,1,3009.35
15727.0,17,7,63416.36
15729.0,213,1,460.0
15730.0,66,3,10399.02
15732.0,212,2,4385.26
15733.0,283,1,1025.4
15734.0,115,2,37522.41
15737.0,15,8,10251.46
15738.0,19,16,94778.26
15739.0,66,1,38570.24
15740.0,49,1,3009.92
15743.0,16,4,2534.36
15744.0,78,1,1503.3599999999997
15745.0,19,4,8281.47
15746.0,134,1,1594.26
15747.0,13,3,13611.08
15748.0,40,1,410.36
15749.0,235,3,87064728.2
15750.0,3,8,21233.69
15752.0,40,7,16522.94
15753.0,305,1,11404.800000000001
15754.0,51,3,3341.87
15755.0,10,6,24203.39
15756.0,61,4,705.61
15757.0,66,2,7306.679999999999
15758.0,25,1,1147.95
15759.0,218,3,2038.08
15762.0,65,2,3838.39
15763.0,32,2,4482.82
15764.0,88,6,40537.63
15766.0,64,1,5778.84
15768.0,116,3,3701.37
15769.0,7,26,18901741.6
15773.0,6,1,73104.70000000001
15774.0,69,1,1204.5
15775.0,245,1,982.6
15776.0,133,1,1499.02
15777.0,241,4,48868.189999999995
15780.0,184,3,3659.78
15781.0,25,3,2977.06
15782.0,10,3,85450.44
15783.0,11,1,4308.12
15785.0,33,5,66811.95
15786.0,46,3,59116.479999999996
15787.0,26,3,3205.12
15789.0,358,1,6503.0
15790.0,10,1,1214.7099999999998
15791.0,44,2,16296.949999999999
15793.0,15,3,62648.33
15795.0,150,1,7361.85
15796.0,1,8,19935.49
15797.0,113,4,275218.2
15799.0,76,3,8268.64
15800.0,107,2,3349.85
15801.0,46,3,9132.11
15802.0,143,1,451.42
15803.0,51,1,20339.32
15804.0,1,13,36325.17
15805.0,23,17,68734.5
15806.0,46,3,16721.76
15807.0,50,3,7835.8
15808.0,306,4,37958.11
15809.0,36,5,4171.55
15810.0,79,4,13934.119999999999
15811.0,22,6,17018.88
15812.0,107,5,99431.38
15813.0,208,2,26518.37
15814.0,17,4,53844.13
15815.0,64,5,149065.72
15819.0,49,4,22505.61
15820.0,320,1,7155.76
15821.0,44,2,2012.9
15822.0,3,2,10263.63
15823.0,372,1,15.0
15825.0,172,1,4689.72
15826.0,56,3,25477.71
15827.0,73,14,14237.25
15829.0,99,2,11914.279999999999
15830.0,38,1,5346.38
15831.0,58,3,26844.940000000002
15832.0,254,1,7151.389999999999
15834.0,70,4,12418.529999999999
15835.0,44,4,8062.09
15836.0,50,1,347.11
15837.0,65,1,3270.56
15838.0,11,19,8678430.4
15839.0,33,3,11065.57
15840.0,59,2,4595.66
15841.0,73,4,33648.92
15843.0,304,1,424.35
15844.0,46,1,1433.3999999999999
15845.0,18,8,57909.39
15847.0,38,2,19928.129999999997
15850.0,19,2,1815.6
15852.0,187,2,775.81
15853.0,52,1,922.08
15854.0,4,12,61651.36
15855.0,137,5,5886.04
15856.0,4,27,604374.34
15857.0,19,1,7849.2
15858.0,16,5,14791.37
15860.0,41,8,4154.5
15861.0,12,8,22230.26
15862.0,8,4,7869.740000000001
15863.0,26,2,73.0
15864.0,22,6,169090.88
15865.0,41,3,7195.05
15866.0,101,1,966.8299999999999
15867.0,5,15,24161.08
15869.0,277,2,3638.46
15870.0,33,1,2294.34
15872.0,15,2,777.81
15874.0,64,7,165951.94
15877.0,2,2,6147.21
15880.0,369,1,1412.57
15881.0,312,5,14147.789999999999
15882.0,199,4,10229.36
15883.0,2,2,2455.7
15885.0,93,3,2338.5499999999997
15886.0,60,1,3536.03
15888.0,81,1,1629.33
15889.0,157,2,1381.27
15891.0,227,1,4981.0
15894.0,253,2,2436.01
15895.0,150,1,5935.79
15897.0,194,2,15017.109999999999
15898.0,1,5,43741.25
15899.0,369,1,609.75
15900.0,24,1,2152.24
15901.0,17,3,1923.9299999999998
15903.0,10,7,235554.00000000003
15904.0,8,1,568.5999999999999
15906.0,20,7,7297.25
15907.0,4,3,2766.3
15909.0,174,1,3721.08
15910.0,1,8,5991.0
15912.0,178,2,3896.98
15916.0,16,8,8365.02
15917.0,248,1,456.3
15918.0,191,2,2100.63
15919.0,20,2,2786.43
15920.0,154,4,358.36
15921.0,173,1,5509.09
15922.0,373,1,6290.200000000001
15923.0,373,1,1417.24
15925.0,194,1,1683.35
15930.0,67,1,3042.51
15932.0,4,8,58235.17
15933.0,21,3,14102.46
15935.0,239,2,1308.9
15937.0,64,1,1638.7499999999998
15938.0,112,5,7154.68
15939.0,90,15,632471.87
15940.0,311,1,143.2
15942.0,134,1,6125.76
15944.0,277,1,4157.0
15945.0,365,1,6244.000000000001
15947.0,83,1,112347.84
15948.0,8,2,8795.44
15949.0,17,2,4878.32
15950.0,32,4,17807.07
15951.0,9,2,5186.7
15952.0,34,4,5608.01
15953.0,15,8,30121.18
15955.0,24,14,72641.36
15957.0,32,1,3812.31
15958.0,74,1,789.35
15963.0,20,2,5613.0599999999995
15965.0,17,4,5452.99
15967.0,23,2,1706.54
15969.0,3,3,3671.4
15970.0,304,1,3528.6
15971.0,18,12,426213.15
15973.0,367,1,9319.640000000001
15974.0,39,7,48467.27
15975.0,84,1,3607.0299999999997
15976.0,165,2,1728.3799999999999
15977.0,17,2,31092.570000000003
15978.0,77,1,19780.96
15980.0,89,3,115845.72
15981.0,25,8,81636.95999999999
15983.0,22,4,23505.079999999998
15984.0,3,10,88379.79
15985.0,123,2,55858.2
15986.0,30,1,3222.24
15987.0,12,7,338680.19
15988.0,19,1,1272.46
15990.0,44,2,10134.369999999999
15992.0,4,1,231.26999999999998
15993.0,9,7,15149.71
15994.0,55,1,4476.03
15996.0,88,6,3540.64
15998.0,37,5,14537.460000000001
16000.0,3,3,6742919.0
16003.0,30,5,30918.45
16005.0,12,4,902.4300000000001
16006.0,211,1,1032.54
16007.0,48,4,9761.31
16008.0,24,3,5959.3
16009.0,22,4,7184.53
16010.0,246,3,1836.04
16011.0,8,16,42350.94
16012.0,35,3,20050.829999999998
16013.0,4,47,9023066.96
16014.0,38,3,1615.3100000000002
16015.0,4,3,13298.49
16016.0,3,8,5770.63
16017.0,47,1,737.88
16018.0,39,2,4297.06
16019.0,47,9,48950.96
16020.0,17,3,11190.789999999999
16022.0,260,1,2828.35
16023.0,46,3,2976.95
16024.0,12,1,2618.85
16025.0,30,1,4928.68
16026.0,43,1,2101.15
16027.0,92,6,109642.04000000001
16029.0,39,63,32747206.66
16030.0,310,1,3542.44
16031.0,92,2,3684.7000000000003
16033.0,6,20,38976.32
16034.0,196,3,5626.7
16036.0,87,2,15050.339999999998
16037.0,270,3,8436.28
16038.0,8,3,4619.86
16040.0,65,3,13837.53
16041.0,31,3,1110932.8
16042.0,22,5,12589.29
16043.0,38,4,12581.730000000001
16045.0,120,4,14027.82
16048.0,373,2,5496.4800000000005
16049.0,40,3,4813.41
16050.0,174,1,2955.16
16052.0,54,1,4494.86
16053.0,33,2,68988.40999999999
16054.0,145,1,5806.5
16055.0,221,1,369.70000000000005
16056.0,45,1,5649.91
16057.0,16,7,17434.12
16059.0,66,6,6755.02
16062.0,10,4,16956.22
16063.0,260,1,3575.38
16065.0,365,1,3144.64
16066.0,17,5,30927.519999999997
16070.0,22,2,14603.609999999999
16071.0,45,1,2818.18
16072.0,288,1,3463.36
16073.0,297,1,5875.2
16076.0,3,10,31261.21
16078.0,284,1,1267.2
16079.0,17,3,111043.72
16080.0,82,2,3196.2400000000002
16081.0,56,5,30267.26
16083.0,101,2,55244.2
16084.0,299,1,3638.7599999999998
16085.0,23,5,5158.23
16086.0,59,5,19252.05
16091.0,155,2,2706.2200000000003
16092.0,115,3,9792.86
16093.0,107,1,340.0
16094.0,12,4,10705.51
16096.0,264,1,2546.08
16097.0,240,1,1737.55
16098.0,88,7,28378.75
16099.0,50,3,8744.6
16101.0,71,1,12752.14
16102.0,42,3,33933.96
16103.0,7,6,17105.36
16104.0,62,1,1633.57
16105.0,249,1,15749.760000000002
16106.0,66,1,1314.6799999999998
16107.0,18,7,189855.2
16108.0,85,1,10071.619999999999
16109.0,219,2,24971.039999999997
16110.0,45,3,4095.69
16112.0,143,4,12225.56
16113.0,183,1,2378.42
16114.0,171,1,730.3500000000001
16115.0,10,8,7604.28
16116.0,212,1,4281.92
16117.0,190,1,1342.6100000000001
16119.0,8,2,7438.08
16120.0,59,4,53819.9
16121.0,57,2,4149.34
16122.0,73,4,40006.68000000001
16123.0,52,1,2992.22
16124.0,317,1,946.0
16125.0,367,1,2725.65
16126.0,29,4,128985.61
16127.0,39,1,5793.99
16128.0,18,5,23045.100000000002
16131.0,52,6,94877.08
16133.0,4,33,760025.2000000001
16134.0,22,2,6314.37
16135.0,263,1,6129.95
16136.0,60,3,8293.32
16139.0,19,3,6933.41
16140.0,66,2,33857.56
16141.0,88,1,4897.34
16142.0,250,1,6592.599999999999
16143.0,3,6,20964.88
16144.0,247,1,2803.2
16145.0,9,11,50722.31
16146.0,157,3,16693.87
16147.0,134,1,3918.52
16148.0,296,1,5495.040000000001
16149.0,5,2,4768.0
16150.0,43,5,19391.84
16152.0,269,1,51695.840000000004
16153.0,50,5,31320.25
16156.0,9,9,37381.520000000004
16157.0,16,3,20421.91
16159.0,282,1,6317.599999999999
16160.0,65,2,80731.84
16161.0,2,19,41132.57
16162.0,252,1,74.8
16163.0,232,2,56077.90000000001
16164.0,17,3,12898.38
16168.0,11,27,168097.48
16169.0,8,4,29153.71
16170.0,51,6,28110.87
16171.0,59,1,579.5999999999999
16172.0,95,5,12705.35
16173.0,16,6,9886.76
16174.0,126,3,108434.05
16175.0,94,4,10222.13
16177.0,50,1,1958.75
16178.0,138,1,2409.9
16179.0,61,1,1640.23
16180.0,100,8,779019.62
16181.0,73,1,8389.640000000001
16182.0,72,4,1210759.15
16183.0,67,1,2921.29
16184.0,64,6,18185.91
16185.0,17,2,4425.93
16186.0,23,12,61360.92
16187.0,32,15,132449.34
16188.0,45,4,10536.66
16189.0,16,2,4289.78
16190.0,40,1,2729.26
16191.0,3,13,365647.88
16193.0,237,1,3659.83
16198.0,75,1,3686.161
16200.0,4,2,4514.09
16201.0,3,4,22534.329999999998
16202.0,361,1,3392.43
16203.0,59,4,4485.8
16204.0,23,1,2578.38
16205.0,31,4,11076.97
16206.0,55,4,5468.900000000001
16207.0,25,1,3786.6
16208.0,45,2,4551.86
16209.0,89,5,481533.5200000001
16210.0,2,18,8567160.3
16211.0,89,1,5072.26
16212.0,19,2,4124.34
16213.0,79,1,1213.1999999999998
16214.0,171,3,11038.99
16215.0,81,1,1961.05
16216.0,267,1,5818.13
16217.0,235,2,2295.65
16218.0,30,7,109167.12
16221.0,37,3,10098.56
16222.0,318,1,2926.15
16224.0,57,4,15827.66
16225.0,45,5,5896.820000000001
16226.0,203,3,7079.76
16227.0,225,1,5905.08
16229.0,87,2,7685.94
16230.0,190,2,5788.43
16232.0,44,4,19516.72
16233.0,71,3,4326.88
16235.0,41,5,6216.61
16236.0,78,1,4032.56
16239.0,57,2,5027.599999999999
16240.0,24,2,60983.840000000004
16241.0,10,13,9924.470000000001
16242.0,8,7,35455.6
16243.0,34,2,846.14
16244.0,212,2,14658.61
16245.0,24,3,16388.6
16247.0,170,1,1703.62
16248.0,62,1,1729.08
16249.0,53,5,32767.21
16250.0,261,2,3307.48
16253.0,67,2,103572.3
16255.0,17,8,32282.71
16256.0,267,1,40740.03
16257.0,177,1,46.95
16258.0,45,5,492236.95
16260.0,51,1,39570.45
16261.0,17,4,2343.82
16265.0,9,9,60879.44
16266.0,74,7,7366.79
16268.0,71,2,6972.51
16270.0,353,1,19118.12
16271.0,3,5,16023.04
16272.0,117,1,4739.4
16274.0,373,1,874.25
16275.0,197,1,6327.37
16276.0,177,1,162352.80000000002
16278.0,100,1,2250.54
16279.0,21,3,17438.12
16281.0,72,1,142085.80000000002
16282.0,340,1,2381.3
16283.0,6,5,13682.949999999999
16284.0,31,2,6370.299999999999
16287.0,170,1,5154.900000000001
16292.0,122,1,3799.71
16293.0,22,10,20362.57
16295.0,10,4,13394.07
16297.0,269,1,2957.34
16298.0,23,3,4647.4400000000005
16302.0,127,1,3433.8799999999997
16303.0,26,3,110732.13
16305.0,139,1,3996.68
16306.0,214,6,8961.43
16308.0,38,4,5760000.0
16309.0,106,2,7692.79
16311.0,18,2,6421.34
16313.0,3,2,2924.3900000000003
16315.0,331,1,1182.53
16316.0,64,8,21501.19
16317.0,120,3,20575.41
16318.0,35,1,3855.85
16319.0,218,1,9705.6
16320.0,172,2,12630.56
16321.0,72,5,5197.05
16322.0,1,2,2424.85
16323.0,196,1,10375.000000000002
16324.0,128,3,1661.85
16325.0,47,3,7744.320000000001
16326.0,6,14,9256.4
16327.0,14,6,50002.43
16330.0,18,3,10369.19
16332.0,28,7,12302.8
16333.0,8,22,24827266.880000003
16337.0,37,1,1236.95
16338.0,157,1,2073.7
16339.0,284,1,103.65
16340.0,107,1,3599.6499999999996
16341.0,25,4,51696.93
16342.0,75,4,4299.2699999999995
16343.0,16,2,1955.72
16344.0,158,1,999.0000000000001
16345.0,44,1,3469.34
16347.0,11,2,5793.33
16348.0,32,7,11352.29
16349.0,291,1,53.5
16350.0,21,4,10999.51
16351.0,333,1,1722.6
16352.0,18,2,5268.16
16353.0,4,23,301971.71
16354.0,63,2,1970.94
16356.0,198,3,768.85
16357.0,33,3,5133.08
16358.0,1,4,27679.58
16359.0,7,9,95797.78
16360.0,5,6,17655.27
16361.0,10,4,4696.2300000000005
16362.0,32,5,5222.75
16363.0,53,1,1040.3200000000002
16364.0,12,2,3805.99
16365.0,18,9,60837.8
16366.0,19,1,4222.0
16367.0,37,2,4613.11
16368.0,2,2,4543.31
16369.0,18,3,20136.649999999998
16370.0,82,4,4810.37
16372.0,33,2,651.63
16374.0,66,2,1241.1100000000001
16376.0,9,2,11493.9
16377.0,267,1,369972.0
16378.0,247,3,4453.05
16379.0,4,4,30199.76
16380.0,61,1,227099.50999999998
16383.0,75,2,6290.719999999999
16384.0,90,2,4751.0
16385.0,60,3,3968.82
16386.0,29,2,1342.91
16387.0,323,1,1308.64
16389.0,53,4,68285.17
16392.0,270,1,1697.85
16393.0,2,13,22515.5
16394.0,57,5,92283.06
16395.0,61,5,19596.66
16398.0,154,2,21792.7
16399.0,19,2,1969.9999999999998
16400.0,95,1,2768.57
16401.0,1,12,220673.42
16402.0,265,2,2610.5499999999997
16403.0,312,1,1988.6
16404.0,70,1,2894.25
16405.0,302,2,16618.05
16406.0,19,1,369.35
16407.0,13,10,23474.4
16409.0,36,5,19759.72
16411.0,19,2,860.38
16412.0,54,1,406.35
16413.0,57,1,1529.1
16414.0,22,2,491.75
16415.0,44,1,2133.11
16416.0,27,3,16383.859999999999
16418.0,45,3,2709.72
16419.0,113,6,15072.03
16422.0,17,51,4589528.48
16423.0,25,1,5751.76
16424.0,191,1,2859.84
16425.0,302,1,2430.1
16426.0,2,10,11759.58
16427.0,263,2,5021.08
16429.0,106,1,2241.75
16430.0,57,1,7708.150000000001
16431.0,213,3,7847.18
16432.0,64,1,30435.84
16433.0,28,1,1387.98
16434.0,29,7,13489.06
16438.0,6,5,4426.33
16440.0,8,5,36957.17
16441.0,67,2,3353.0
16442.0,2,3,3707.7200000000003
16444.0,46,4,6230.29
16445.0,34,1,448.23
16446.0,1,2,13645195254.9
16447.0,136,1,5064.290000000001
16448.0,198,1,989.3900000000001
16449.0,198,2,7224.01
16450.0,150,1,6586.08
16451.0,88,1,2244.57
16454.0,45,2,12.8
16455.0,64,7,19704.54
16456.0,99,5,47107.840000000004
16457.0,218,1,4779.6
16458.0,3,18,39868.86
16460.0,28,3,8283.19
16461.0,178,1,223.01999999999998
16462.0,74,3,816.0
16463.0,21,4,19649.0
16464.0,20,3,9369.24
16466.0,34,7,16000.28
16468.0,74,1,1884.5000000000002
16469.0,24,4,1079.82
16470.0,52,4,3980.55
16471.0,275,1,2526.15
16473.0,165,3,3654.4900000000002
16474.0,7,7,9974.29
16475.0,88,4,6799.2
16477.0,64,7,24130.0
16478.0,25,3,3596.88
16479.0,10,2,1086.97
16480.0,76,1,13646.75
16482.0,16,1,4476.3
16483.0,192,1,294.45
16484.0,174,2,3170.0
16485.0,77,1,1847.43
16488.0,33,3,10007.08
16491.0,47,1,8559.86
16493.0,80,4,30907.81
16494.0,297,1,16032.11
16495.0,3,3,5448.7
16496.0,9,3,17370.04
16497.0,50,6,32661.69
16498.0,161,2,387.77000000000004
16499.0,360,2,2528.15
16500.0,5,6,3225.12
16503.0,107,4,10150.89
16504.0,25,1,5150.62
16505.0,32,1,111974.40000000001
16506.0,20,2,1294.2
16509.0,297,1,2109.5
16510.0,372,1,2035.5
16511.0,22,3,5341.610000000001
16513.0,5,4,11450.15
16515.0,52,5,28250.839999999997
16516.0,30,1,966.5999999999999
16517.0,277,1,1389.8999999999999
16518.0,61,2,5964.88
16519.0,25,2,1068.8799999999999
16520.0,186,3,5963.07
16523.0,2,21,163011.63
16525.0,2,26,738028.81
16526.0,172,1,2550.1
16527.0,81,1,1730.94
16528.0,4,1,2293.03
16529.0,190,1,4292.75
16531.0,22,7,13925.85
16532.0,18,3,3275366.4
16533.0,19,3,7181.09
16535.0,5,1,5885.95
16536.0,110,1,2908.44
16539.0,3,4,14504.27
16542.0,54,1,1467.56
16545.0,165,1,13084.2
16546.0,291,2,19251.55
16549.0,10,10,18395.34
16550.0,109,5,18107.97
16551.0,96,3,43564.1
16552.0,243,2,4414.71
16553.0,163,12,393418.6
16554.0,42,3,6551.299999999999
16555.0,35,2,2702.51
16556.0,67,7,31170.19
16557.0,24,2,4272.349999999999
16558.0,1,20,140551.88999999998
16560.0,27,2,7306.8099999999995
16561.0,6,2,3922.22
16563.0,54,1,65116.84
16565.0,364,1,5627.1
16566.0,15,5,18261.0
16567.0,194,2,49971.399999999994
16569.0,3,1,1613.7
16570.0,15,10,86263.18
16571.0,27,3,19484.85
16572.0,127,3,9708.68
16573.0,85,2,5672.37
16574.0,71,1,7254.48
16581.0,183,1,1385.3999999999999
16582.0,113,1,13452.96
16583.0,374,1,1838.15
16584.0,80,2,43278.56
16586.0,249,1,6849.45
16587.0,232,1,1131.05
16589.0,71,3,4660.74
16591.0,69,1,1983.8999999999999
16592.0,4,16,65659.88
16593.0,51,3,4094.41
16594.0,75,1,274.67
16595.0,61,1,2315.0
16596.0,16,2,2329.15
16597.0,4,1,3324.7999999999997
16598.0,286,1,1096.35
16600.0,4,6,14520.699999999999
16601.0,41,1,1590.48
16602.0,36,1,6724.7
16603.0,75,2,5310.73
16607.0,18,14,46515.47
16609.0,15,7,52491.48
16610.0,219,1,801.72
16611.0,186,1,585.53
16612.0,33,4,9032.82
16613.0,70,1,6403.51
16614.0,183,1,4328.73
16616.0,15,2,4691.7
16617.0,236,1,4139.75
16618.0,31,5,51741.21
16619.0,264,1,1988.53
16620.0,4,2,1510.24
16621.0,52,4,10886.060000000001
16623.0,246,1,1261.35
16624.0,81,2,16992.85
16625.0,275,1,2263.42
16626.0,1,17,144127.6
16627.0,79,1,2956.9
16628.0,30,5,24641.47
16629.0,74,2,5060.57
16633.0,17,6,25474.32
16634.0,223,2,2419.0
16637.0,32,4,15621.47
16638.0,23,10,20745.16
16639.0,31,3,13922.470000000001
16641.0,106,1,5496.44
16642.0,5,2,9765.810000000001
16643.0,246,1,5324.87
16644.0,178,2,10417.06
16647.0,170,2,3096.22
16648.0,43,1,4372.58
16650.0,72,1,8845.96
16652.0,59,7,261494.23
16653.0,16,2,12459.18
16654.0,141,4,6461.93
16655.0,18,6,58145.62
16656.0,22,15,1584903.1199999999
16657.0,10,4,10696.89
16658.0,368,1,1212.48
16659.0,189,1,1388.1599999999999
16660.0,16,4,90904.95
16665.0,362,1,2172.2
16666.0,19,1,1498.32
16667.0,68,2,2938.86
16668.0,15,6,4943.5199999999995
16669.0,24,3,8044.72
16670.0,17,11,39924.16
16671.0,28,3,389303.85000000003
16672.0,2,20,269806.60000000003
16674.0,55,2,939.16
16676.0,34,4,11376.84
16678.0,3,12,52173.11
16679.0,366,1,2520.75
16680.0,43,1,1765.3999999999999
16681.0,73,6,58291.939999999995
16682.0,5,5,46444.48
16684.0,4,28,14510871.1
16685.0,61,2,2900.9
16686.0,47,7,18527.44
16688.0,1,4,17569.46
16689.0,76,2,12683.759999999998
16690.0,72,2,3654.2599999999998
16692.0,256,2,167783.5
16693.0,69,2,2080.18
16696.0,135,4,13800.6
16697.0,241,1,149.25
16698.0,227,2,421680.0
16700.0,9,13,63488.83
16701.0,9,13,326163.33999999997
16705.0,1,20,444674.59
16706.0,37,3,1443.01
16708.0,46,1,8327.91
16709.0,85,5,38816.99
16710.0,19,10,16871.37
16711.0,3,5,66319.99
16712.0,9,11,25978.33
16713.0,19,15,117703.72
16714.0,219,3,8145.66
16715.0,78,1,22900.48
16716.0,267,2,74505.6
16717.0,24,6,41851.96
16718.0,369,1,6768.97
16719.0,15,7,15051.58
16720.0,26,1,2227.95
16721.0,262,1,2116.21
16722.0,17,13,127222.59
16723.0,91,2,7615.259999999999
16725.0,302,7,2753.69
16726.0,26,5,9912.08
16727.0,364,1,1306.96
16728.0,46,4,3995.9
16729.0,38,21,86096.83
16730.0,52,3,12798.71
16732.0,32,1,6643.95
16734.0,52,3,6440.68
16735.0,79,5,34826.77
16737.0,53,1,120268.79999999999
16738.0,298,1,11.25
16739.0,177,1,4487.099999999999
16742.0,47,1,464.9
16743.0,29,7,32654.89
16744.0,11,7,8721.89
16745.0,87,17,291958.2
16746.0,5,18,100554.98999999999
16747.0,38,2,13772.58
16748.0,18,5,21794.2
16750.0,45,5,1805.97
16751.0,31,1,274911.98
16752.0,373,1,913.3
16753.0,58,1,2624.04
16754.0,372,1,3570592.0
16755.0,114,3,16226.19
16756.0,215,1,1768.08
16757.0,319,1,1213.1100000000001
16758.0,65,1,6364.8
16759.0,8,3,10950.59
16761.0,97,1,10645.06
16762.0,20,3,10368.42
16763.0,199,1,6896.25
16764.0,4,13,7079.89
16765.0,294,1,136.0
16766.0,273,2,17893.6
16767.0,31,11,158724.02
16768.0,48,3,5707.45
16769.0,260,1,919.96
16770.0,58,5,4237.12
16771.0,33,5,15888.81
16773.0,57,1,3097.7900000000004
16774.0,68,4,7257.12
16775.0,10,11,7066.53
16776.0,60,1,2134.6
16777.0,80,2,379.84000000000003
16778.0,74,2,2835.96
16779.0,2,22,288279.14
16780.0,100,2,2787.22
16781.0,372,1,2299.5499999999997
16782.0,10,13,13759.810000000001
16784.0,20,1,860.8
16788.0,123,2,2162.03
16789.0,8,1,540.4
16790.0,4,6,15629.02
16791.0,29,7,4887.96
16792.0,282,2,437.92
16793.0,57,1,2121.52
16794.0,1,10,6688.139999999999
16795.0,365,1,1933.82
16796.0,89,1,3176.04
16800.0,11,1,5853.19
16801.0,163,4,11888.91
16803.0,65,1,3246.24
16804.0,23,3,4381.01
16805.0,174,2,4981.589999999999
16806.0,103,4,4858.76
16807.0,143,3,13000.03
16808.0,99,2,3753.86
16809.0,23,5,5496.83
16810.0,192,1,2583.34
16811.0,5,2,9478.89
16812.0,361,1,3162.05
16813.0,8,10,22873.34
16814.0,14,21,85939.4
16816.0,103,4,3811.64
16817.0,3,9,15573.75
16818.0,11,11,41584.31
16820.0,96,1,5986.89
16823.0,227,1,1467.58
16824.0,16,2,3997.7
16825.0,39,2,31408.520000000004
16826.0,51,1,2349.5
16828.0,93,2,1030.0
16829.0,157,1,1620.66
16830.0,39,1,3374.33
16832.0,184,3,635.85
16833.0,1,4,12117.31
16834.0,228,1,6235.8
16835.0,128,2,1182.55
16836.0,40,2,7076.870000000001
16837.0,31,11,28629.94
16838.0,197,2,3720.43
16839.0,9,34,882611.43
16841.0,37,6,33810.68
16842.0,101,3,12508.13
16843.0,43,16,284782.31
16846.0,50,1,2903.34
16847.0,43,1,1208.64
16848.0,53,1,3938.5999999999995
16849.0,187,1,501.01
16850.0,334,1,4354.67
16851.0,4,3,4718.969999999999
16852.0,10,2,513.59
16855.0,24,2,3230.5
16856.0,15,1,212.40000000000003
16858.0,369,1,4312.59
16859.0,145,2,11246.55
16861.0,60,2,4195.68
16863.0,31,2,8875.38
16866.0,141,3,1545.94
16869.0,23,4,6100.3
16871.0,22,6,27182.260000000002
16872.0,77,3,82826.62000000001
16873.0,5,6,112307.72
16875.0,67,5,18328.75
16877.0,12,6,4796.1
16878.0,84,1,98.8
16880.0,31,7,7974.610000000001
16881.0,67,1,259200.0
16882.0,67,3,8282.22
16883.0,187,2,1028.26
16884.0,38,2,6140.5
16885.0,15,3,976.85
16887.0,35,1,1024.37
16889.0,195,3,11399.97
16891.0,2,5,1271.39
16892.0,1,5,1905.95
16893.0,367,1,261.81
16895.0,65,1,340.40999999999997
16897.0,299,2,569.46
16898.0,26,3,2879.91
16899.0,8,6,8413.74
16900.0,17,3,11003.41
16902.0,116,1,26816.96
16903.0,29,1,2681.16
16904.0,4,16,25920.01
16905.0,5,7,37977.94
16906.0,82,4,10977.810000000001
16907.0,29,5,6305.58
16909.0,72,1,20669.399999999998
16910.0,4,8,2664.14
16912.0,29,11,26970.760000000002
16913.0,290,1,3952.18
16914.0,36,1,2872.38
16915.0,9,6,2764.82
16916.0,24,2,2711.73
16917.0,277,1,13706.640000000001
16918.0,50,6,8140.94
16919.0,156,11,13398.289999999999
16921.0,61,1,574.72
16923.0,12,19,99867.1
16924.0,21,3,5432.61
16926.0,371,1,653.25
16927.0,116,3,194774.05
16928.0,80,17,59276.94
16929.0,4,7,15473.81
16930.0,26,3,3166.9900000000002
16931.0,5,21,19674.37
16932.0,53,1,393.09
16933.0,1,2,5029.39
16934.0,55,2,7652.17
16936.0,26,1,1271.74
16938.0,9,4,1274522.8800000004
16940.0,52,3,26013.96
16942.0,13,9,7614.21
16943.0,212,3,3999.51
16945.0,22,19,47981.520000000004
16947.0,236,1,6616.88
16948.0,139,3,56422.9
16949.0,4,6,12580.89
16950.0,57,3,26749.02
16951.0,135,3,18252.69
16952.0,109,2,1433.69
16953.0,30,1,208.0
16954.0,1,9,44394.2
16955.0,185,4,6921.049999999999
16956.0,18,1,2000.28
16957.0,239,2,4336.08
16959.0,87,1,788.45
16960.0,39,3,2063.25
16961.0,116,1,2123.01
16963.0,187,1,558.75
16965.0,227,1,5307.849999999999
16966.0,8,7,190148.05
16967.0,189,1,5080.86
16968.0,4,2,3884.51
16969.0,39,3,12733.09
16971.0,38,1,565.05
16976.0,267,1,8298.240000000002
16978.0,78,1,1498.59
16979.0,4,6,22690.26
16980.0,255,2,58620.64000000001
16982.0,61,1,3351.4
16983.0,13,7,26614.129999999997
16984.0,88,2,63546.34
16985.0,17,10,121162.28
16986.0,30,2,1792080.0
16987.0,3,7,10181.2
16988.0,5,1,775.9599999999999
16989.0,7,6,144963.45
16990.0,219,1,17900.0
16992.0,11,5,15355.93
16996.0,30,6,23835.74
16997.0,288,3,27690.0
16998.0,150,4,11291.6
16999.0,23,2,20400.48
17001.0,1,11,57246.95
17002.0,86,3,21766.55
17004.0,46,2,76036.38
17006.0,5,4,6437.5
17007.0,51,6,10900.91
17010.0,18,1,2136.0
17011.0,30,1,3457.8
17014.0,8,3,4386.1900000000005
17015.0,29,3,24581.35
17017.0,3,20,306479.86
17018.0,41,2,9586.2
17019.0,11,4,7679.8
17022.0,31,1,959.5199999999999
17024.0,45,3,2231.6499999999996
17025.0,61,3,12194.990000000002
17026.0,185,2,9018.509999999998
17027.0,79,6,3907.56
17029.0,111,2,143200.0
17030.0,64,1,2258.81
17031.0,12,2,4977.75
17033.0,86,3,73953.24
17034.0,16,3,13096.06
17035.0,246,2,3911.79
17037.0,88,1,11257.22
17038.0,30,1,153.5
17040.0,138,1,5955.63
17041.0,27,3,14287.51
17042.0,3,5,11948.96
17043.0,32,4,25504.899999999998
17044.0,25,1,80812.8
17045.0,113,3,2099.18
17046.0,157,1,25157.72
17047.0,85,3,8813.26
17048.0,118,3,11501.630000000001
17049.0,3,9,52899.71
17050.0,96,6,27275.62
17051.0,194,1,1401.83
17052.0,28,1,2462.35
17053.0,131,1,4740.96
17054.0,28,5,12495.13
17058.0,82,3,10945.47
17059.0,30,5,26426.11
17060.0,266,1,23870.160000000003
17061.0,74,11,164681.63
17062.0,314,4,3707.81
17063.0,21,7,15276.12
17064.0,59,3,4831.7300000000005
17068.0,12,21,37160.68
17069.0,28,9,28392.06
17070.0,114,1,1028.6799999999998
17071.0,28,9,24281.87
17073.0,18,4,7989.15
17075.0,18,4,4638.22
17076.0,36,3,14831.24
17078.0,36,2,11688.699999999999
17079.0,78,1,1425.6000000000001
17080.0,22,2,8292.44
17081.0,25,2,389.31
17082.0,33,2,30322.41
17083.0,109,3,26349.0
17084.0,35,2,41452.31
17085.0,123,5,10480.62
17086.0,7,6,80123.22
17088.0,28,4,13956.87
17090.0,4,7,55066.270000000004
17091.0,3,9,38686.46
17092.0,50,4,20443.81
17094.0,322,1,3228.8
17095.0,23,3,11904.5
17096.0,15,4,6990.7300000000005
17097.0,2,8,3028.7799999999997
17100.0,18,2,11192.3
17101.0,10,4,54862.11
17102.0,262,1,51.0
17105.0,159,2,5853.28
17107.0,33,6,364117.06
17109.0,29,6,9262.01
17110.0,165,1,652.1
17111.0,47,1,3459.83
17114.0,6,8,1551.64
17115.0,8,3,8395.24
17117.0,288,1,841.1999999999999
17118.0,318,1,2201.88
17119.0,3,2,6169.33
17120.0,233,1,1940.62
17122.0,119,1,1753.36
17123.0,162,1,12871.8
17124.0,185,1,1560.5
17125.0,50,1,2538.9
17126.0,152,5,5488.17
17128.0,335,1,1284.09
17131.0,5,5,23134.63
17133.0,16,7,788939.68
17134.0,107,2,1840.6000000000001
17135.0,16,7,29981.23
17138.0,276,1,1974.1
17139.0,16,12,139347.07
17140.0,247,1,32217.82
17142.0,239,1,2412.3
17144.0,1,2,20639.149999999998
17146.0,106,3,4038.06
17147.0,23,4,19819.45
17148.0,52,1,1158.08
17152.0,195,3,156631.6
17153.0,24,1,1613.78
17154.0,75,1,6645.48
17155.0,18,2,7963.579999999999
17157.0,8,2,4458.4
17158.0,32,3,17751.23
17159.0,22,3,15517.279999999999
17160.0,31,6,45112.909999999996
17162.0,29,10,16831.5
17163.0,22,2,4699.0
17164.0,33,7,25932.97
17165.0,284,1,1454.72
17166.0,39,2,1661.82
17169.0,58,2,7921.54
17171.0,289,1,2754.0699999999997
17172.0,79,1,9950.4
17173.0,5,8,53135.8
17174.0,218,1,608.9
17175.0,44,4,28474.829999999998
17176.0,202,1,4601.969999999999
17179.0,178,3,4377.75
17180.0,56,4,9489.25
17181.0,57,2,17016.440000000002
17183.0,8,6,92055.21
17186.0,47,2,14400.0
17187.0,227,1,4446.650000000001
17188.0,11,7,45422.97
17189.0,106,2,1663.23
17190.0,59,2,3897.42
17191.0,28,7,17589.1
17193.0,36,7,89475.56
17194.0,274,2,6066.84
17197.0,30,1,7924.37
17198.0,24,3,5161.92
17201.0,54,1,7165.22
17203.0,36,6,229468.46
17204.0,175,4,24292.24
17205.0,54,1,37954.56
17206.0,53,1,2330.88
17211.0,27,8,15575.52
17212.0,253,1,10484.35
17213.0,40,7,20306.61
17214.0,60,6,3183.52
17217.0,234,1,826.8000000000001
17218.0,4,10,10811.95
17219.0,32,1,511.77
17220.0,24,14,17709.13
17221.0,7,2,7349.4400000000005
17222.0,65,1,1847.3500000000001
17223.0,310,2,1325.25
17226.0,309,1,21835.45
17227.0,19,6,37398.98
17228.0,16,8,17580.329999999998
17229.0,96,2,2075.24
17230.0,264,8,125231.21
17231.0,12,10,15617.7
17232.0,3,2,2838.33
17233.0,35,1,1665.82
17234.0,183,1,519.73
17235.0,25,2,7512.98
17236.0,13,6,9021.91
17237.0,11,2,3701.75
17238.0,3,17,17205.420000000002
17239.0,313,1,4901.9
17242.0,108,2,21612.22
17243.0,1,26,144316.95
17244.0,53,1,27773.260000000002
17245.0,205,1,1363.9499999999998
17247.0,15,1,1031.33
17248.0,120,1,3003.73
17250.0,4,2,1835.55
17251.0,363,1,904.11
17252.0,117,2,1086.11
17253.0,18,1,468.72
17254.0,5,2,1352.49
17255.0,41,2,1809.2800000000002
17256.0,107,2,6107.999999999999
17259.0,148,2,3517.31
17262.0,52,5,75124.14
17263.0,208,1,105.3
17265.0,139,2,2523.43
17266.0,2,3,790.66
17267.0,127,2,4711.5199999999995
17268.0,108,4,161826.08000000002
17272.0,42,4,34435.29
17274.0,35,1,1083.32
17277.0,228,2,7950.81
17278.0,241,1,2439.0
17279.0,58,1,2630.93
17282.0,130,3,237209.28000000003
17284.0,60,6,11687.12
17286.0,22,1,749.11
17287.0,26,7,8152.0199999999995
17288.0,9,7,30464.39
17289.0,32,3,9169.02
17290.0,4,2,4004.75
17291.0,308,1,39657.600000000006
17293.0,8,9,29738.86
17295.0,29,3,3815.0800000000004
17297.0,17,1,200.98
17298.0,101,2,11721.38
17299.0,12,4,12115.210000000001
17301.0,21,1,571.22
17302.0,15,5,12268.91
17303.0,361,1,1020.92
17306.0,11,19,2033370.01
17309.0,95,1,357.35
17311.0,78,2,48045.19
17312.0,139,3,54053.6
17313.0,31,1,145897.44
17314.0,25,8,44711.96
17315.0,2,38,182320.83
17317.0,46,3,467858.5200000001
17320.0,100,3,13132.92
17321.0,8,2,4250.0
17323.0,15,7,4709.0
17324.0,18,4,49580.18
17325.0,280,1,1000.3999999999999
17329.0,14,2,4372.13
17330.0,23,2,6909.0
17331.0,124,1,2803.2
17333.0,86,1,6414.75
17334.0,302,2,12429.3
17337.0,151,4,9177.64
17338.0,17,8,34558.02
17339.0,94,2,4903.68
17340.0,30,11,231863.85
17341.0,157,3,5702.43
17343.0,355,1,894.74
17344.0,46,1,531.32
17345.0,15,4,5454.429999999999
17346.0,4,15,16229.92
17347.0,86,1,49455.36
17348.0,15,5,15186.6
17349.0,179,1,2602.85
17350.0,8,4,18528.56
17351.0,36,3,4925.95
17353.0,129,2,261000.0
17354.0,51,1,120842.48
17356.0,312,1,1917.1399999999999
17357.0,24,2,3759.7299999999996
17358.0,303,2,1711.17
17359.0,11,1,2971.38
17360.0,17,3,2294.2599999999998
17361.0,49,3,3817.52
17362.0,239,2,2020.6499999999999
17364.0,1,11,46020.68
17365.0,13,8,75324.4
17367.0,238,1,1384.1299999999999
17368.0,23,8,76819.51
17370.0,73,4,6616.36
17371.0,17,3,2018.88
17372.0,41,8,5539.76
17373.0,40,4,5765.1
17374.0,219,2,1567.51
17375.0,199,3,2811.34
17376.0,71,2,990.0999999999999
17377.0,24,20,32638.84
17379.0,11,1,4541.42
17381.0,9,29,6678946.15
17382.0,65,1,1224.6000000000001
17383.0,4,1,1002.43
17384.0,19,2,8175.9800000000005
17385.0,15,1,1555.35
17386.0,8,6,571453.56
17387.0,20,2,8397.789999999999
17388.0,78,4,364016.60000000003
17389.0,1,34,2486877.04
17391.0,164,2,87920.64000000001
17392.0,307,2,2912.07
17394.0,219,1,34189.06999999999
17396.0,39,8,714204.9
17397.0,22,2,2923.57
17398.0,115,3,4657.7
17400.0,126,5,16494.12
17402.0,5,13,101583.43
17403.0,36,1,1298.22
17404.0,4,15,7385387.46
17405.0,1,3,7604.33
17406.0,333,3,20505.68
17408.0,163,1,52.55
17409.0,185,2,7329.150000000001
17410.0,16,5,16359.58
17411.0,12,3,5713.4800000000005
17412.0,3,7,13163.9
17414.0,44,2,493760.0
17415.0,80,1,2930.4199999999996
17416.0,30,7,170904.18
17418.0,42,2,3579.32
17419.0,11,12,41831.25
17420.0,50,3,5476.91
17422.0,16,6,48015.71
17423.0,46,2,20249.71
17425.0,19,2,8595.77
17426.0,8,6,58812.2
17427.0,72,1,1428.0
17428.0,1,28,947120.67
17429.0,128,3,7755.62
17430.0,33,2,3481.04
17431.0,313,1,4642.179999999999
17432.0,18,2,3095.7999999999997
17433.0,88,1,1173.54
17434.0,2,7,29030.16
17436.0,2,2,2503.7999999999997
17438.0,254,1,2622.8500000000004
17440.0,157,3,15339.96
17442.0,37,6,23305.68
17443.0,220,1,269256.96
17444.0,148,3,52404.6
17446.0,177,2,2626.2000000000003
17447.0,40,2,6975.51
17449.0,2,7,13083.65
17450.0,8,46,105403953.45
17451.0,1,7,18763.98
17453.0,18,2,8314.56
17454.0,192,4,3327.17
17455.0,204,1,1063.8
17456.0,365,1,3418.6
17457.0,127,5,135912.36
17458.0,15,1,1143.18
17459.0,43,2,7578.599999999999
17460.0,94,6,5676.910000000001
17461.0,23,3,7587.16
17462.0,60,2,8456.95
17463.0,16,5,12066.8
17464.0,158,1,8874.44
17466.0,10,2,5692.28
17468.0,10,2,3220.0
17469.0,16,5,18130.63
17470.0,45,5,26102.09
17472.0,191,3,3239.32
17475.0,79,1,2317.29
17480.0,78,1,6304.28
17481.0,4,4,17285.33
17483.0,65,3,3453.34
17486.0,261,1,3191.89
17489.0,59,2,5671.2
17490.0,1,7,53456.24
17491.0,1,10,115919.95000000001
17492.0,248,1,4744.43
17495.0,8,2,4578.24
17496.0,359,1,2152.9500000000003
17498.0,76,1,6157.88
17499.0,290,1,11773.679999999998
17500.0,17,3,5251.0
17501.0,221,2,2534.7000000000003
17502.0,9,4,10324.36
17503.0,3,2,6840.04
17504.0,206,9,55359.81
17505.0,162,2,13160.18
17506.0,76,1,2385.14
17507.0,262,2,3367.84
17508.0,281,1,5726.69
17509.0,58,8,62733.4
17510.0,25,1,3177.92
17511.0,3,31,8126557.22
17512.0,29,10,168477.21000000002
17513.0,72,1,25680.8
17514.0,128,1,716.65
17515.0,31,4,1722.88
17516.0,15,5,3258.66
17517.0,309,1,1304.68
17519.0,17,6,39857.22
17520.0,54,1,6121.79
17521.0,30,3,9132.31
17522.0,2,5,23309.11
17523.0,11,4,69244.29999999999
17524.0,361,1,2442.5
17525.0,360,1,5143.8
17526.0,5,4,26420.8
17527.0,54,4,8710.51
17528.0,1,8,32178.88
17530.0,1,10,14901.84
17531.0,190,1,2702.4
17534.0,54,1,2285.42
17535.0,280,1,1646.3999999999999
17536.0,177,1,153.0
17537.0,30,2,13804.17
17538.0,26,1,1239.8
17540.0,25,2,4757.900000000001
17542.0,270,1,1683.6699999999998
17545.0,43,3,2577.26
17548.0,234,1,1310.2
17549.0,24,2,5307.4800000000005
17550.0,197,3,729.22
17551.0,359,1,1661.48
17552.0,60,4,12241.35
17553.0,130,1,1261404.8
17554.0,1,5,67878.57
17555.0,20,2,1731.3700000000001
17556.0,206,1,5077.6
17557.0,14,3,5104.72
17560.0,95,4,27501.39
17561.0,19,1,943.0
17562.0,14,7,13821.26
17564.0,24,3,1647.4099999999999
17566.0,8,2,4602.49
17567.0,7,8,155768.4
17569.0,332,1,2640.42
17571.0,50,4,9574.99
17572.0,71,4,1946.45
17573.0,29,3,4966.139999999999
17574.0,243,1,1670.3500000000001
17576.0,8,19,23927.91
17578.0,218,1,3870.6
17579.0,5,3,3725.12
17580.0,253,3,731.5600000000001
17581.0,1,25,183599.68
17582.0,236,1,3217.73
17584.0,7,2,21209.100000000002
17585.0,109,4,17673.58
17588.0,100,3,62559.36
17589.0,60,4,26656.13
17590.0,2,3,9539.78
17591.0,73,7,26912.23
17593.0,4,5,69003.24
17594.0,85,2,12073.88
17595.0,12,2,1652.71
17596.0,23,7,139688.89
17597.0,214,1,61668.29
17600.0,18,1,1392.51
17601.0,239,1,1624.71
17602.0,2,6,91869.86
17603.0,78,1,1604.7199999999998
17604.0,217,2,1405.78
17608.0,33,2,1142.23
17609.0,41,5,4247.0
17611.0,7,15,27408.42
17612.0,53,6,37866.17
17613.0,23,14,50866.51
17614.0,57,1,1042.52
17615.0,130,3,6158.1
17616.0,174,3,54835.2
17618.0,6,3,5177.96
17619.0,312,1,464.51
17620.0,60,1,1168.32
17621.0,21,3,38099.4
17623.0,33,1,3917.9700000000003
17624.0,15,2,8589.58
17625.0,18,4,10948.18
17628.0,81,1,1078.65
17629.0,6,8,29294.44
17630.0,170,2,3113.6
17631.0,2,3,3920.81
17633.0,31,4,12725.22
17634.0,36,9,10748.37
17636.0,19,1,2337.88
17637.0,31,2,4054.26
17639.0,276,1,1220.8
17640.0,87,1,37648.92
17642.0,120,2,9683.369999999999
17643.0,373,1,891.75
17644.0,1,11,39655.12
17646.0,219,3,7550.79
17647.0,65,1,643.22
17648.0,61,4,10407.86
17649.0,138,1,6599.39
17650.0,21,1,3035.52
17651.0,12,10,51497.58
17652.0,25,12,56828.56
17653.0,37,4,128553.45999999999
17654.0,277,1,247.95
17655.0,11,7,44714.22
17656.0,73,5,25787.43
17658.0,26,2,22968.600000000002
17659.0,17,12,30632.1
17660.0,141,1,1212.53
17663.0,26,7,16454.57
17664.0,19,2,8583.1
17666.0,4,2,32796.96
17667.0,66,5,18946.97
17668.0,1,2,2432.75
17669.0,43,7,204089.86
17670.0,228,1,2030.6
17671.0,16,4,53468.65
17672.0,50,2,73904.81
17673.0,2,6,20461.87
17674.0,74,2,35226.96
17675.0,1,31,331993.4
17676.0,4,6,18287.16
17677.0,2,30,1184700.36
17678.0,264,1,4070.07
17679.0,53,2,48746.19
17680.0,24,1,1486.8
17682.0,10,6,31519.97
17684.0,44,1,2070.1899999999996
17685.0,17,7,90486.19
17686.0,7,7,50197.54
17690.0,30,15,35923.1
17691.0,358,2,2020.9
17692.0,127,4,12542.08
17693.0,137,1,2485.43
17694.0,142,1,3499.6800000000003
17695.0,132,2,18277.260000000002
17696.0,38,8,37877.03
17697.0,236,1,1866.95
17698.0,261,1,1988.5499999999997
17700.0,17,4,27367.14
17701.0,253,1,1877.95
17702.0,30,4,86313.35
17703.0,35,3,8287.8
17704.0,169,2,12286.15
17705.0,3,9,16661.579999999998
17706.0,4,17,118404.27
17707.0,185,2,6512.4
17708.0,188,2,1348.81
17709.0,170,1,301.75
17711.0,11,2,4149.74
17712.0,45,1,3661.83
17714.0,321,1,1398.0
17715.0,201,1,125337.59999999999
17716.0,23,11,96246.37
17718.0,232,1,2118.75
17719.0,38,15,61449.28
17720.0,26,4,18535.54
17722.0,96,4,63183.479999999996
17723.0,127,6,447874.4
17724.0,71,3,8219.2
17725.0,16,11,45723.78
17727.0,15,1,9639.65
17728.0,4,3,25729.35
17730.0,3,13,111816.08
17731.0,79,4,8909.01
17732.0,373,1,1551.21
17733.0,39,2,9401.970000000001
17734.0,54,3,6735.3099999999995
17735.0,2,19,177124.28
17736.0,9,3,3113.4
17737.0,9,2,2169.54
17738.0,19,4,17876.489999999998
17739.0,12,7,76924.21
17742.0,113,2,3025.65
17744.0,4,6,69709.84
17746.0,240,1,574.15
17747.0,113,1,856.8000000000001
17749.0,178,2,6922.219999999999
17750.0,5,9,54099.01
17752.0,359,1,15482.880000000001
17754.0,1,5,80868.01000000001
17757.0,1,30,128129.97
17758.0,19,8,21309.66
17759.0,17,3,13420.56
17760.0,22,2,5257.929999999999
17761.0,33,1,15135.099999999999
17763.0,263,1,180.0
17764.0,51,2,6583.37
17765.0,159,3,1251.29
17767.0,15,1,1822.48
17768.0,8,3,37956.66
17769.0,13,10,34423.67
17770.0,199,5,11978.43
17771.0,57,2,2298.41
17772.0,11,2,186.97
17774.0,97,4,5213.95
17775.0,255,1,1353.6
17777.0,25,3,2232.22
17779.0,21,3,4844.98
17781.0,159,2,1131.4
17783.0,72,2,2442.23
17785.0,53,1,769.38
17786.0,85,2,1329.81
17787.0,153,4,17366.1
17788.0,74,2,116746.3
17789.0,281,1,1516.3000000000002
17790.0,27,14,12550.26
17791.0,30,1,520.9
17793.0,25,1,4797.6
17795.0,180,2,3076.29
17796.0,40,4,2184.8
17797.0,22,3,4566.49
17799.0,22,10,17490.65
17800.0,37,9,17785.17
17802.0,82,3,10084.2
17805.0,74,1,63183.38999999999
17806.0,11,1,11959.36
17809.0,16,12,297843.13
17811.0,4,39,133054.94
17812.0,13,4,3402.95
17813.0,14,5,5480.45
17816.0,37,4,83.82
17817.0,4,3,702.64
17819.0,72,7,116144.95
17824.0,51,1,11636.8
17827.0,5,5,17803.77
17828.0,23,4,17954.59
17829.0,299,1,18223.28
17830.0,2,3,1652.1
17831.0,33,1,212.40000000000003
17832.0,50,1,908.71
17835.0,3,3,4791.960000000001
17836.0,47,1,1134.97
17837.0,42,8,6454.33
17838.0,27,5,54842.4
17839.0,42,1,2370.33
17841.0,2,124,302941.4
17843.0,303,1,699.96
17844.0,107,1,578.72
17846.0,85,1,2033.1
17848.0,81,9,19746.3
17849.0,218,4,4096.0
17850.0,372,34,30844.31
17852.0,12,2,276.71999999999997
17854.0,185,2,2115.94
17855.0,373,1,2272.31
17856.0,2,4,174601.51
17857.0,4,23,11283718.66
17858.0,6,12,334787.8
17859.0,305,1,1464.98
17860.0,369,1,598.8100000000001
17861.0,3,8,28258.059999999998
17862.0,324,1,5479.2
17863.0,59,6,64685.520000000004
17864.0,13,3,4848.35
17865.0,31,20,261220.74000000002
17866.0,143,1,9504.25
17867.0,30,6,175847.19000000003
17869.0,107,5,1866.6599999999999
17870.0,2,12,54752.549999999996
17871.0,205,1,2537.0
17873.0,80,5,50300.4
17874.0,185,6,4617.44
17877.0,170,1,2472.99
17878.0,44,1,8104.61
17879.0,174,1,3396.379999999999
17880.0,365,1,5656.72
17881.0,304,1,1038.55
17883.0,3,4,2530.04
17884.0,4,4,10799.75
17885.0,12,1,384.41999999999996
17886.0,32,3,20213.48
17887.0,129,1,417.85
17888.0,21,8,24593.32
17889.0,212,2,1357.27
17890.0,323,2,3718.09
17891.0,162,1,2991.62
17892.0,56,3,3861.5999999999995
17893.0,225,1,1722.75
17894.0,72,8,4825.9400000000005
17895.0,44,1,904.85
17896.0,23,1,36910.08
17897.0,173,3,1516.31
17898.0,85,2,1735.86
17899.0,159,1,1813.29
17900.0,190,2,1599.0
17901.0,29,1,128.64000000000001
17904.0,21,1,369.53
17905.0,71,4,41463.47
17906.0,247,1,163.9
17908.0,374,1,949.6099999999999
17911.0,9,1,3346.51
17912.0,310,5,1800.46
17913.0,59,2,4362.61
17914.0,4,1,6167.919999999999
17917.0,45,3,732.6899999999999
17919.0,88,1,40931.28
17920.0,4,17,41534.84
17921.0,64,4,3533.93
17923.0,282,1,10375.000000000002
17924.0,12,7,136059.72
17925.0,373,1,17573.760000000002
17926.0,133,2,5790.450000000001
17928.0,45,2,3232.2400000000002
17929.0,11,4,20142.8
17930.0,36,5,171217.31999999998
17931.0,134,2,6594.72
17932.0,29,3,11330.67
17934.0,52,2,23772.73
17935.0,138,2,725.45
17936.0,5,1,3567.35
17937.0,9,7,166572.6
17939.0,160,1,549.52
17940.0,49,10,1657789.6600000001
17941.0,131,1,39159.36
17942.0,8,1,2725.4000000000005
17946.0,233,2,494.46
17947.0,37,1,4064.48
17948.0,147,1,51632.64000000001
17949.0,1,45,31291329.36
17950.0,72,3,3503.6
17951.0,40,3,51826.920000000006
17954.0,5,12,46743.53
17955.0,199,4,33149.399999999994
17956.0,249,1,12.75
17957.0,66,1,1694.72
17958.0,117,1,13944.519999999999
17960.0,171,1,227.58
17961.0,21,39,3541.6
17962.0,142,1,842.9899999999999
17964.0,32,2,2655.93
17965.0,38,14,16773.11
17966.0,38,5,125481.25
17967.0,372,1,270.75
17968.0,374,1,757.3199999999999
17969.0,166,2,6456.2
17970.0,211,1,20885.59
17972.0,242,1,152.79
17973.0,52,1,3340.24
17974.0,25,3,3434.53
17975.0,15,13,46558.44
17976.0,372,1,773.99
17977.0,29,1,6249.679999999999
17978.0,365,1,68550.63999999998
17979.0,36,4,5997.55
17980.0,166,3,43440.55
17984.0,145,1,352.92
17985.0,22,1,5365.25
17986.0,56,1,208.0
17987.0,185,1,5122.05
17988.0,12,7,217.82
17990.0,237,3,8761.26
17991.0,225,2,1239.85
17994.0,122,4,10019.33
17995.0,282,1,6751.3
17997.0,74,8,51554.479999999996
17999.0,37,2,1539.25
18001.0,12,2,5987.61
18004.0,362,1,348.36
18005.0,4,2,648.99
18006.0,23,1,13053.56
18008.0,70,9,586840.37
18009.0,235,1,1136.35
18010.0,257,1,1200.5
18011.0,373,1,279.31
18013.0,155,2,3362.0299999999997
18014.0,28,1,797.38
18015.0,4,1,599.21
18016.0,32,5,21147.88
18017.0,81,3,52300.0
18018.0,108,2,206.08
18019.0,52,1,58.25
18022.0,36,1,6191.079999999999
18024.0,153,2,14177.82
18027.0,99,1,713.19
18030.0,4,2,3213.45
18032.0,334,1,649.8
18033.0,65,1,1181.22
18034.0,22,2,5515.04
18035.0,36,3,21422.17
18036.0,32,3,1788.5
18037.0,154,6,73.32
18040.0,19,2,2919.7000000000003
18041.0,12,21,87095.93000000001
18042.0,54,1,956.9499999999999
18043.0,25,3,1557.85
18044.0,4,10,14980.92
18045.0,45,1,1023.88
18048.0,203,2,6686.750000000001
18050.0,359,1,610.8
18053.0,71,1,4028.3199999999997
18055.0,7,10,55655.520000000004
18056.0,288,1,4134.95
18058.0,10,1,5389.44
18059.0,23,3,4236.84
18061.0,22,10,121326.97
18062.0,173,3,11493.460000000001
18064.0,133,2,68830.0
18065.0,6,14,17927.09
18066.0,75,1,4178.400000000001
18067.0,40,1,2763.45
18068.0,289,1,610.1999999999999
18069.0,26,5,8501.6
18071.0,258,2,6166.1
18072.0,186,1,4320.0
18073.0,114,12,521772.68000000005
18074.0,374,1,9949.2
18075.0,23,10,27189.03
18077.0,8,11,29330.35
18078.0,217,2,4390.63
18079.0,45,4,533546.11
18080.0,19,2,399374.99999999994
18081.0,36,3,3882.23
18082.0,26,1,8118.54
18084.0,16,1,28229.76
18085.0,330,2,6830.950000000001
18086.0,274,1,1337.1599999999999
18087.0,98,2,12511458.319999998
18088.0,61,1,873.6700000000001
18092.0,2,11,875006.92
18093.0,93,4,100996.96
18094.0,82,7,377338.04000000004
18095.0,313,2,18156.55
18096.0,12,3,5906.92
18097.0,8,6,48382.6
18099.0,127,1,1610.4499999999998
18101.0,11,2,636.8
18102.0,1,60,72486383.86
18104.0,37,1,5726.12
18105.0,38,1,914.8800000000001
18106.0,330,1,3828.1
18108.0,254,1,1309.6
18109.0,2,26,414326.3999999999
18110.0,20,1,504.20000000000005
18112.0,12,2,4068.5299999999997
18113.0,369,1,5495.040000000001
18114.0,290,1,515.3
18116.0,68,8,8618.45
18117.0,26,1,5798.27
18118.0,11,26,34162.0
18119.0,368,1,2575.06
18120.0,214,1,254.65
18121.0,149,2,11121.539999999999
18122.0,8,6,8649.42
18123.0,24,2,19187.1
18125.0,30,4,9363.17
18126.0,61,1,1111.24
18127.0,19,3,1486.18
18129.0,243,1,615.15
18130.0,15,3,12315.55
18133.0,212,1,1257524.9999999998
18135.0,29,5,32098.03
18136.0,63,3,7821.1900000000005
18138.0,295,1,978.8500000000001
18139.0,18,6,585612.54
18142.0,157,2,148544.64
18143.0,117,2,9170.7
18144.0,8,12,227482.15
18145.0,13,4,35682.67
18146.0,141,2,2236.95
18147.0,46,2,5430.66
18149.0,51,3,21257.86
18150.0,32,3,5179.32
18151.0,135,2,5737.55
18154.0,3,2,4912.11
18155.0,75,3,3890.62
18156.0,13,2,2381.6
18158.0,9,2,4717.2
18159.0,301,1,4768.65
18160.0,57,2,4817.42
18161.0,15,5,16137.65
18164.0,37,1,2788.79
18165.0,177,1,18222.840000000004
18167.0,23,3,14793.720000000001
18168.0,176,6,7527.6
18169.0,61,1,1570.5500000000002
18170.0,33,3,16378.27
18171.0,59,5,13101.03
18172.0,15,20,312565.83999999997
18173.0,87,4,117088.8
18174.0,7,1,5200.0
18176.0,358,1,4423.15
18177.0,31,6,17457.57
18178.0,129,4,15697.65
18179.0,9,6,55674.29
18180.0,5,6,26891.99
18181.0,24,1,1430.61
18183.0,227,2,7685.33
18184.0,15,1,2988.0
18185.0,249,1,2765.45
18188.0,15,3,66813.92
18189.0,78,2,9313.34
18190.0,192,2,2596.44
18191.0,262,1,4285.599999999999
18192.0,72,1,10090.61
18193.0,165,1,1715.8999999999999
18194.0,82,1,90936.95999999999
18196.0,95,2,3619.93
18198.0,4,17,490128.9000000001
18200.0,106,1,756.4499999999999
18202.0,200,3,11394.210000000001
18203.0,157,1,612.66
18204.0,71,3,21297.01
18205.0,36,2,3454.24
18209.0,29,1,1024.7
18210.0,2,6,30299.02
18211.0,26,5,5929.75
18212.0,326,1,887.15
18213.0,237,1,3432.16
18215.0,89,1,3215.0
18216.0,31,1,4041.09
18217.0,29,2,11669.869999999999
18218.0,211,2,35346.66
18219.0,3,10,15170.59
18220.0,227,1,43960.32000000001
18221.0,22,5,12878.789999999999
18222.0,93,1,7266.4400000000005
18223.0,5,14,99406.02
18224.0,264,1,1033.75
18225.0,3,12,93601.42
18226.0,44,11,88837.13
18227.0,218,1,354.75
18228.0,57,2,6747.38
18229.0,12,20,184497.88
18230.0,9,7,62483.840000000004
18231.0,192,5,17759.510000000002
18232.0,82,4,4642.51
18233.0,326,1,1760.0
18235.0,72,3,27245.04
18236.0,30,6,7069.64
18237.0,3,5,11981.58
18239.0,219,5,14904.99
18240.0,46,1,19227.420000000002
18241.0,10,17,19828.73
18242.0,72,4,45603.35
18245.0,7,7,24561.0
18246.0,24,2,31366.2
18248.0,123,2,7649.28
18249.0,17,1,1242.84
18250.0,310,1,3339.9700000000003
18251.0,87,1,2126085.12
18252.0,51,2,1847.19
18255.0,89,1,1463.8
18257.0,39,8,25934.05
18259.0,25,3,49001.600000000006
18260.0,173,6,35124.97
18261.0,43,2,2291.94
18262.0,140,1,1932.24
18263.0,26,3,28497.04
18265.0,72,2,5025.51
18268.0,134,1,51.0
18269.0,366,1,2054.3999999999996
18270.0,38,2,2388.95
18272.0,3,6,39821.54
18273.0,2,3,6120.0
18274.0,30,1,1368.6599999999999
18276.0,44,1,4995.16
18277.0,58,1,807.0999999999999
18278.0,74,1,1209.8
18280.0,278,1,822.0
18281.0,181,1,472.14
18282.0,8,2,1422.61
18283.0,4,16,5862.93
18287.0,43,3,53636.08
